"Identificador de URL";Nombre;Categorías;"Nombre de propiedad 1";"Valor de propiedad 1";"Nombre de propiedad 2";"Valor de propiedad 2";"Nombre de propiedad 3";"Valor de propiedad 3";Precio;"Precio promocional";"Peso (kg)";"Alto (cm)";"Ancho (cm)";"Profundidad (cm)";Stock;SKU;"Código de barras";"Mostrar en tienda";"Envío sin cargo";Descripción;Tags;"Título para SEO";"Descripción para SEO";Marca;"Producto Físico";"MPN (Número de pieza del fabricante)";Sexo;"Rango de edad";Costo
molde-silicona-esfera-7-cm-diseno-geometrico-19lja;"Molde Silicona Esfera 7 cm - Diseño Geométrico";"Moldes de Silicona ";;;;;;;8,500.00;8,000.00;0.05;7.00;7.00;1.00;10;"Esfera 7cm";;SI;NO;;"argentina, bases para dijes, bola decorativa, buenos aires, circulo, collares, comprar moldes argentina, comprar online argentina, diamantes, dije, envio argentina, esfera, esfera resina, esfera vidrio, formas, molde acabado brillante, molde alta calidad, molde de dije, molde de esfera, molde duradero, molde flexible, molde llavero, molde manualidades, molde para llaveros, molde profesional, molde resina epoxi, molde reutilizable, molde silicona, molde silicona para resina, molde silicona para resina epoxi, moldes para emprender, moldes para vender, moldes resina, moldes silicona, moldes silicona argentina";"Molde Silicona Esfera 7 cm - Diseño Geométrico";"Diseña Esferas Geométricas con el molde Esfera 7cm de Silicona para encapsular | Advance Coat";"Advance Coat";SI;;;;
molde-silicona-porta-velas-mandala-simple-10zbf;"Molde Silicona Porta Velas - Mandala Simple";;;;;;;;7,500.00;7,000.00;0.15;9.00;9.00;0.50;10;"Mandala Simple";;SI;NO;;"mandala, molde, molde porta velas resina, Molde Silicona Mandala, porta velas, silicona";"Molde Silicona Porta Velas Mandala | Advance Coat";"Molde silicona porta velas mandala con diseño calado. Multiuso: resina, yeso y cemento. ";"Advance Coat";SI;;;;0.00
molde-silicona-mini-flores-charms-dijes-y-accesorios-e889j;"Molde Silicona Mini Flores- Charms, Dijes y Accesorios";;Modelo;Tulipanes;;;;;6,000.00;5,500.00;0.10;0.00;0.00;0.00;10;"Mini flores Tulipanes";;SI;NO;;"bijouterie, charms, flores, molde, silicona";"Molde Silicona Mini Flores Para Resina | Advance Coat";"Molde silicona mini flores girasol con detalle y brillo espejo. Ideal para charms, dijes y accesorios. ¡Comprá ya y crea piezas únicas!";"Advance Coat";SI;;;;0.00
molde-silicona-mini-flores-charms-dijes-y-accesorios-e889j;;;Modelo;"Margaritas rosas";;;;;6,000.00;5,500.00;0.10;0.00;0.00;0.00;10;"Mini flores marg rosas";;;;;;;;;;;;;0.00
molde-silicona-mini-flores-charms-dijes-y-accesorios-e889j;;;Modelo;Girasol;;;;;6,000.00;5,500.00;0.10;0.00;0.00;0.00;10;"Mini flores Girasoles";;;;;;;;;;;;;0.00
molde-silicona-aritos-y-dijes-bijouterie-artesanal-16r9b;"Molde Silicona Aritos y Dijes - Bijouterie Artesanal";;;;;;;;6,500.00;6,000.00;0.00;0.00;0.00;0.00;10;"Aritos Arco U";;SI;NO;;"aros, aros artesanales resina, aros artesanales resina epoxi, bijouterie, dijes, molde, molde aritos resina, molde aritos resina epoxi, molde dijes Silicona, Molde Silicona Bijouterie, silicona";"Molde Silicona Aritos y Dijes | Advance Coat";"Molde flexible y premium para aritos y dijes con acabado brillante. Ideal para emprendedoras en bijouterie. ¡Comprá ya y crea piezas únicas!";"Advance Coat";SI;;;;0.00
molde-silicona-porta-velas-loto-decoracion-espiritual-para-velas-ena7t;"Molde Silicona Porta Velas Loto - Decoración Espiritual Para velas";;;;;;;;7,500.00;7,000.00;0.10;9.00;9.00;4.50;15;"Porta velas flor de loto";;SI;NO;;"decoración, loto, molde, porta velas, silicona";"Molde Silicona Porta Velas Flor de Loto | Advance Coat";;"Advance Coat";SI;;;;0.00
molde-silicona-jabonera-para-decoracion-velas-y-cuenco-1a43p;"Molde Silicona Jabonera - Para Decoracion Velas y Cuenco";;;;;;;;8,500.00;8,000.00;0.00;8.80;15.00;3.40;10;"Molde Jabonera";;SI;NO;;"cuenco decorativo resina, decoracion, jabonera, molde, molde bandeja ovalada, molde cuenco resina epoxi, molde jabonera resina, silicona, velas";"Molde Silicona Jabonera Cuenco y Vela | Advance Coat";;"Advance Coat";SI;;;;0.00
molde-silicona-taza-de-te-estilo-vintage-para-bijouterie-y-deco-491hw;"Molde Silicona Taza de Té - Estilo Vintage Para Bijouterie y Deco";;;;;;;;8,500.00;8,000.00;0.00;9.00;9.00;3.80;10;"Taza Te";;SI;NO;;"decoración miniatura resina, molde mini tacita resina, molde resina epoxi patitas, Molde silicona para yeso, Molde silicona resina, molde taza té resina, molde vintage resina epoxi, taza té silicona";"Molde Silicona Mini Taza de Té Para Resina | Advance Coat";;"Advance Coat";SI;;;;0.00
molde-silicona-animalitos-kawaii-dijes-y-charms-1n3zv;"Molde Silicona Animalitos Kawaii - Dijes y Charms";;;;;;;;6,500.00;6,000.00;0.15;11.00;26.00;1.00;11;"Molde Animales";;SI;NO;;"dijes animalitos resina, molde 15 cavidades, molde animalitos resina, molde kawaii resina epoxi, molde osos conejos, molde silicona kawaii, molde variado charms";"Molde Silicona 15 Animalitos Kawaii Para Resina | Advance Coat";;"Advance Coat";SI;;;;0.00
molde-silicona-bandeja-flor-petalo-decoracion-premium-en-resina-fqzo2;"Molde Silicona Bandeja Flor - Decoración Premium";;;;;;;;6,500.00;6,000.00;0.11;11.00;11.00;1.00;20;"Bandeja Flor";;SI;NO;;"Bandeja Cemento, bandeja decorativa resina, Bandeja Porcelana Fria, bandeja resina, Bandeja Yeso, molde bandeja, molde bandeja flor resina, molde bandeja pétalos, molde bandeja resina epoxi, molde silicona premium, regalos premium resina";"Molde Silicona Bandeja Flor Para Resina | Advance Coat";;"Advance Coat";SI;;;;0.00
imagen-de-soles-para-agregar-a-tus-trabajos-archivo-digital-xo1m4;"Imagen de Soles Para Agregar a Tus Trabajos - Archivo Digital";"Arma Tu Propia Funda  > Adornos - Charms, Arma Tu Propia Funda  > Herramientas, Extras Para Resina";;;;;;;2,500.00;0.01;0.00;0.00;0.00;0.00;;"archivo soles";;SI;NO;;"sol, sol para imprimir, soles";;;;NO;;;;0.00
molde-silicona-huesitos-chyapitas-y-dijes-para-amantes-de-perros-17w7v;"Molde Silicona Huesitos - Chapitas y Dijes Para Amantes de Perros";;;;;;;;6,000.00;5,500.00;0.20;20.00;10.00;1.50;15;Huesitos;;SI;NO;;;"Molde Silicona Huesito Perro Para Resina | Advance Coat";;"Advance Coat";SI;;;;0.00
molde-silicona-porta-velas-mandala-doble-6tyla;"Molde Silicona Porta Velas - Mandala Doble";;;;;;;;8,500.00;8,000.00;0.00;9.50;9.50;2.00;15;"Mandala Doble";;SI;NO;;"decoración, mandala, Molde Silicona Mandala, porta velas, resina, silicona";"Molde Silicona Porta Velas Mandala Para Resina | Advance Coat";"Molde silicona porta velas mandala doble con diseño calado. Multiuso: resina, yeso y cemento. ";"Advance Coat";SI;;;;0.00
molde-silicona-letras-medianas-llaveros-y-dijes-con-nombre-1ladi;"Molde Silicona Letras Medianas - Llaveros y Dijes Con Nombre";;;;;;;;9,000.00;8,500.00;0.00;17.50;17.50;0.50;70;"Letras Medianas";;SI;NO;;"dije con nombre resina, llavero con nombre resina, molde abecedario resina epoxi, molde alfabeto resina, molde letra silicona, molde letras llavero, molde letras resina, souvenir con nombre";"Molde Silicona Letras Para Llaveros Con Nombre | Advance Coat";;"Advance Coat";SI;;;;0.00
molde-silicona-tapa-agenda-cuaderno-anotador-para-resina-epoxi-1fb73;"Molde Silicona Tapa Agenda Cuaderno Anotador Para Resina Epoxi";;;;;;;;8,000.00;7,500.00;0.10;13.00;9.20;1.00;10;"Molde Agenda";;SI;NO;;;"Molde Silicona Tapa Agenda Para Resina | Advance Coat";;"Advance Coat";SI;;;;0.00
molde-silicona-8-circulos-dijes-colgantes-y-llaveros-124cf;"Molde Silicona 8 Círculos - Dijes, Colgantes y Llaveros";;;;;;;;8,500.00;8,000.00;0.10;6.50;16.00;1.00;15;"8 Círuclos";;SI;NO;;"dijes personalizados resina, molde círculos resina, molde colgantes resina epoxi, molde dijes resina, molde encapsular flores, molde fotos resina, molde llaveros círculo, molde redondo silicona";"Molde Silicona Círculos Para Dijes y Llaveros | Advance Coat";"? Molde silicona círculos para resina epoxi. El más versátil: encapsulá flores, fotos y recuerdos. Dijes, colgantes y llaveros.";"Advance Coat";SI;;;;0.00
molde-silicona-patitas-gatito-llaveros-y-dijes-para-tus-mascotas-prs2j;"Molde Silicona Patitas Gatito - Llaveros y Dijes Para Tus Mascotas";;;;;;;;7,500.00;7,000.00;0.10;11.00;10.00;1.00;50;"Molde Gatitos";;SI;NO;;"bijouterie mascotas, chapitas gato, molde dije gatito, molde huellas gato resina, molde kawaii gato, molde llavero gato, molde mascotas resina, molde patitas gato, molde resina epoxi patitas, molde silicona, molde silicona para resina, molde silicona premium";"Molde Silicona Patitas Gatito Para Resina | Advance Coat";;"Advance Coat";SI;;;;0.00
porta-vela-flor-1oduj;"Molde Silicona Porta Velas Flor - Decoración Botánica Premium";;;;;;;;7,500.00;7,000.00;0.10;9.20;8.70;2.20;50;"Porta Velas Flor";;SI;NO;;"molde centro de mesa, molde decoración botánica, molde día de la madre, molde flor cemento, molde porta velas flor, molde porta velas resina, molde porta velas yeso, molde resina epoxi, molde resina epoxi flor, Molde Silicona flor, molde silicona para resina epoxi, molde silicona premium, porta velas artesanal";"Molde Silicona Porta Velas Flor | Advance Coat";;;SI;;;;0.00
molde-silicona-porta-velas-corazon-decoracion-premium-multiuso-si3k8;"Molde Silicona Porta Velas Corazón - Decoración Premium";;;;;;;;7,500.00;7,000.00;0.10;4.50;6.00;2.50;35;"Porta Velas Corazon";;SI;NO;;"molde decoración cemento, molde porta vela industrial, molde porta velas cemento, molde porta velas corazón, molde porta velas resina, molde porta velas yeso, molde regalería boda, molde resina epoxi corazón, molde san valentín";"Molde Silicona Porta Velas Corazón Multiuso | Advance Coat";"? Molde silicona porta velas corazón multiuso: resina, yeso, cemento. Ideal para regalería, decoración industrial y souvenirs premium.";"Advance Coat";SI;;;;0.00
molde-silicona-mini-mariposas-aros-dijes-y-charms-para-resina-y7soh;"Molde Silicona Mini Mariposas - Aros, Dijes y Charms";;;;;;;;6,500.00;6,000.00;0.10;7.00;8.50;0.50;50;"Mini Mariposas";;SI;NO;;"aros mariposa resina, dijes mini resina, molde aros mariposas, molde bijouterie femenina, molde charms mariposa, molde dijes mariposa, molde mariposas resina, molde mini resina epoxi, molde silicona mariposa";"Molde Silicona Mini Mariposas Para Resina | Advance Coat";;"Advance Coat";SI;;;;0.00
molde-silicona-caja-alhajero-producto-premium-multiuso-para-resina-f65vu;"Molde Silicona Caja Alhajero - Caramelera";;;;;;;;13,000.00;12,500.00;0.10;10.00;8.20;8.20;10;"Caja Alhajero";;SI;NO;;"molde alhajero resina, molde bombonera resina, molde caja con tapa, molde caja resina, molde caramelera silicona, molde joyero, molde silicona para resina epoxi, molde silicona premium, molde souvenirs bodas, producto premium resina, resina epoxi";"Molde Silicona Caja Alhajero Para Resina | Advance Coat";;"Advance Coat";SI;;;;0.00
molde-silicona-flor-tulipan-3d-resina-epoxi-g35jp;"Molde Silicona Tulipán 3D - Flores Para Llaveros";;;;;;;;5,500.00;5,000.00;0.10;4.00;2.50;1.50;20;"Flor Tulipan 3d";;SI;NO;;"advance coat, bijouterie floral, molde aros flores, molde de flor, molde dijes flor, molde flexible, molde manualidades, molde silicona, molde silicona 3d, molde silicona para resina, molde silicona para resina epoxi, molde tulipán 3d, molde tulipán argentina, moldes silicona, resina transparente, silicona";"Molde Silicona Tulipán 3D Para Resina | Advance Coat";;"Advance Coat";SI;;;;0.00
molde-silicona-angel-con-corazon-vela-resina-epoxi-yeso-11cr3;"Molde Silicona Ángel Con Corazón";;;;;;;;7,250.00;6,000.00;0.20;7.00;6.50;2.00;11;"Molde Angel";;SI;NO;;"molde ángel corazón, molde ángel guardián, molde ángel resina, molde comunión artesanal, molde religioso resina, molde resina epoxi, molde resina epoxi ángel, molde souvenir bautismo, molde vela ángel, molde vela decorativa, molde yeso ángel, resina epoxi";"Molde Silicona Ángel Corazón Para Resina y Velas | Advance Coat";;"Advance Coat";SI;;;;0.00
molde-silicona-de-3-mini-jarritas-vertedor-resina-epoxi-wfn2q;"Molde Silicona de 3 Mini Jarritas Vertedor Resina Epoxi";;;;;;;;8,000.00;7,500.00;0.05;4.00;6.00;2.00;10;"X3 Mini Jarritas";;NO;NO;;"molde manualidades, molde silicona, molde silicona para resina, molde silicona para resina epoxi, moldes silicona, resina transparente, silicona, Vertedor";"Molde Silicona 3 Mini Jarritas Vertedor Resina Epoxi Advance Coat";;;SI;;;;0.00
molde-de-domino-para-resina-epoxi-1m3i9;"Molde de Dominó Para Resina Epoxi";"Moldes de Silicona ";;;;;;;15,000.00;13,000.00;0.40;5.50;14.00;14.00;7;"Molde Dominó Resina Epoxi";;SI;NO;;"domino, molde domino resina epoxi, molde silicona, molde silicona para resina, molde silicona para resina epoxi, moldes silicona, silicona";;;"Advance Coat";SI;;;;
resina-epoxi-cristal-para-llaveros-dijes-y-aros-1cs7o;"Resina Epoxi Cristal - Para Llaveros, Dijes y Aros";"Resinas Epoxi > Resina Epoxi Cristal";"Presentación ";150g;;;;;12,500.00;12,000.00;0.20;3.00;4.00;4.00;;"Resina Epoxi 150g";;SI;NO;;"1, 150g, 1kg, 300g, 450g, 5kg, 750g, advance coat, argentina, buenos aires, comprar online argentina, comprar resina online, donde comprar resina, envio argentina, resina advance coat, resina alta calidad, resina argentina, resina argentina envio, resina cristal, resina epoxi, resina epoxi 3kg, resina epoxi cristal, resina manualidades argentina, resina para accesorios, resina para anillos, resina para dijes, resina para emprender, resina para hacer accesorios, resina para llaveros, resina para mesas, resina profesional, resina sin burbujas, resina transparente";"Resina Epoxi Cristal - Conseguí La Mejor Resina Con Envío";"Utiliza la mejor resina del país, es el momento de trabajar con los mejores materiales, conseguí todo junto en un mismo lugar ";"Advance Coat";SI;;;;0.00
resina-epoxi-cristal-para-llaveros-dijes-y-aros-1cs7o;;;"Presentación ";300g;;;;;22,500.00;22,000.00;0.45;3.00;4.00;4.00;;"Resina Epoxi 300g";;;;;;;;;;;;;0.00
resina-epoxi-cristal-para-llaveros-dijes-y-aros-1cs7o;;;"Presentación ";450g;;;;;32,000.00;30,000.00;0.45;3.00;4.00;4.00;;"Resina Epoxi 450g";;;;;;;;;;;;;0.00
resina-epoxi-cristal-para-llaveros-dijes-y-aros-1cs7o;;;"Presentación ";750g;;;;;45,000.00;;0.82;3.00;4.00;4.00;;"Resina Epoxi 750g";;;;;;;;;;;;;0.00
resina-epoxi-cristal-para-llaveros-dijes-y-aros-1cs7o;;;"Presentación ";1kg;;;;;65,000.00;60,000.00;1.10;3.00;4.00;4.00;;"Resina Epoxi 1kg";;;;;;;;;;;;;0.00
resina-epoxi-cristal-para-llaveros-dijes-y-aros-1cs7o;;;"Presentación ";1,5kg;;;;;85,000.00;;1.60;3.00;4.00;4.00;;"Resina Epoxi 1,5kg";;;;;;;;;;;;;0.00
resina-epoxi-cristal-para-llaveros-dijes-y-aros-1cs7o;;;"Presentación ";3kg;;;;;170,000.00;165,000.00;3.10;3.00;4.00;4.00;;"Resina Epoxi 3kg";;;;;;;;;;;;;0.00
molde-silicona-lapicera-lapiceras-unicas-copia-od422;"Molde Silicona Lapicera Ovalada - Producto Premium";"Moldes de Silicona ";;;;;;;6,000.00;5,500.00;0.04;1.00;1.00;1.00;99;"Molde Lapicera ovalada";;SI;NO;;"argentina, boligrafo, buenos aires, comprar moldes argentina, comprar online argentina, envio argentina, escuela, formas, lapicera, lapiceras corporativas, lapiceras personalizadas, lapiceras regalo, lapiceras resina, molde acabado brillante, molde alta calidad, molde duradero, molde flexible, molde lapicera, molde manualidades, molde profesional, molde resina epoxi, molde reutilizable, molde silicona, molde silicona para resina, molde silicona para resina epoxi, moldes para emprender, moldes para vender, moldes resina, moldes silicona, moldes silicona argentina, silicona";"Molde Silicona Lapicera Ovalada Para Resina | Advance Coat";;"Advance Coat";SI;;;;
lampara-uv-led-6w-secado-rapido-profesional-copia-27ja2;"Combo Resina UV + Lámpara LED 6W - Empezá a Trabajar UV Hoy";"Combos > Combos iniciales, Combos > Combos para hacer llaveros, Combos > Combos para hacer dijes, Combos > Combos de herramientas, Combos > Otros combos, Resinas Epoxi > Resina UV, Extras Para Resina, Arma Tu Propia Funda  > Resinas Epoxi Para Fundas";;;;;;;32,500.00;30,000.00;0.20;1.00;1.00;4.00;10;"resina uv + lampara";;SI;NO;;"accesorios para emprender, accesorios resina, advance coat, argentina, buenos aires, comprar online argentina, envio argentina, herramientas profesionales, herramientas resina epoxi, insumos manualidades, lampara, lampara led resina, lampara secado, lampara uv, rapido, resina con lampara, resina epoxi, resina para accesorios, resina para anillos, resina para mesas, resina rapida, resina secado rapido, resina uv, secado, secado rapido, utiles resina";"Combo Resina UV + Lámpara 6W | Advance Coat";"? Combo resina UV + lámpara LED 6W para empezar. Secado en minutos, sin mezclas. Ideal para fundas, aros y dijes pequeños.";"Advance Coat";SI;;;;
molde-de-silicona-aros-modernos-flores-colgantes-formas-color-gris-7qssy;"Molde De Silicona Aros Modernos Flores Colgantes Formas Color Gris";"Moldes de Silicona ";;;;;;;7,500.00;;0.05;0.50;1.00;2.00;1;"ros Modernos Flores Colgantes Formas Color Gris";;SI;NO;;"argentina, aros, aros artesanales argentina, aros para emprender, aros resina epoxi, buenos aires, colgantes, collar, como hacer aros, comprar moldes argentina, comprar online argentina, corazon, corazones, dije, envio argentina, hojas, molde acabado brillante, molde alta calidad, molde collares, molde de corazon, molde de corazones, molde de flor, molde de flores, molde duradero, molde flexible, molde manualidades, molde para aros, molde profesional, molde resina epoxi, molde reutilizable, molde silicona, moldes para emprender, moldes para vender, moldes resina, moldes silicona argentina";;;"Advance Coat";SI;;;;
molde-aros-gotas-15d2i;"Molde Silicona Aros Gotas - Para Dijes Artesanales";"Moldes de Silicona ";;;;;;;6,500.00;5,000.00;0.05;0.50;1.00;2.00;95;"molde 4 pares gotas";;SI;NO;;"argentina, aros, aros artesanales argentina, aros para emprender, aros resina epoxi, buenos aires, colgantes, collar, como hacer aros, comprar moldes argentina, comprar online argentina, corazon, corazones, dije, envio argentina, hojas, molde acabado brillante, molde alta calidad, molde collares, molde de corazon, molde de corazones, molde de flor, molde de flores, molde duradero, molde flexible, molde manualidades, molde para aros, molde profesional, molde resina epoxi, molde reutilizable, molde silicona, moldes para emprender, moldes para vender, moldes resina, moldes silicona argentina";"Molde Silicona Aros Gotas | Resina Epoxi | Advance Coat";"? Molde Silicona Aros Gotas de calidad pro. Silicona flexible, acabado brillante. Para llaveros, dijes y bijouterie. Envío gratis +$100K. ¡Empezá hoy!";"Advance Coat";SI;;;;
molde-aros-circulo-1rsl0;"Molde Silicona Aros Círculo - Para Dijes Artesanales";"Moldes de Silicona ";;;;;;;6,500.00;5,000.00;0.05;0.50;1.00;2.00;0;"molde 4 pares circulos";;NO;NO;;"argentina, aros, aros artesanales argentina, aros para emprender, aros resina epoxi, buenos aires, colgantes, collar, como hacer aros, comprar moldes argentina, comprar online argentina, corazon, corazones, dije, envio argentina, hojas, molde acabado brillante, molde alta calidad, molde collares, molde de corazon, molde de corazones, molde de flor, molde de flores, molde duradero, molde flexible, molde manualidades, molde para aros, molde profesional, molde resina epoxi, molde reutilizable, molde silicona, moldes para emprender, moldes para vender, moldes resina, moldes silicona argentina";"Molde Silicona Aros Círculo | Resina Epoxi | Advance Coat";"? Molde Silicona Aros Círculo de calidad pro. Silicona flexible, acabado brillante. Para llaveros, dijes y bijouterie. Envío gratis +$100K. ¡Empezá hoy!";"Advance Coat";SI;;;;
molde-aros-corazon-1fr09;"Molde Silicona Aros Corazón - Para Dijes Artesanales";"Moldes de Silicona ";;;;;;;6,500.00;5,000.00;0.05;0.50;1.00;2.00;93;"molde 4 pares corazon";;SI;NO;;"argentina, aros, aros artesanales argentina, aros para emprender, aros resina epoxi, buenos aires, colgantes, collar, como hacer aros, comprar moldes argentina, comprar online argentina, corazon, corazon llavero, corazon resina, corazones, dije, envio argentina, hojas, molde acabado brillante, molde alta calidad, molde collares, molde corazon, molde duradero, molde flexible, molde manualidades, molde para aros, molde profesional, molde resina epoxi, molde reutilizable, molde silicona, moldes para emprender, moldes para vender, moldes resina, moldes silicona argentina, regalo amor";"Molde Silicona Aros Corazón | Resina Epoxi | Advance Coat";"? Molde Silicona Aros Corazón de calidad pro. Silicona flexible, acabado brillante. Para llaveros, dijes y bijouterie. Envío gratis +$100K. ¡Empezá hoy!";"Advance Coat";SI;;;;
molde-aros-flores;"Molde Silicona Aros Flores - Para Dijes Artesanales";"Moldes de Silicona ";;;;;;;6,500.00;5,000.00;0.05;0.50;1.00;2.00;95;"molde 4 pares flores";;SI;NO;;"argentina, aros, aros artesanales argentina, aros flores, aros para emprender, aros resina epoxi, buenos aires, colgantes, collar, como hacer aros, comprar moldes argentina, comprar online argentina, dije, envio argentina, flor, florales resina, flores, flores resina, hojas, molde acabado brillante, molde alta calidad, molde collares, molde duradero, molde flexible, molde manualidades, molde para aros, molde profesional, molde resina epoxi, molde reutilizable, molde silicona, moldes para emprender, moldes para vender, moldes resina, moldes silicona argentina, primavera resina";"Molde Silicona Aros Flores | Resina Epoxi | Advance Coat";"? Molde Silicona Aros Flores de calidad pro. Silicona flexible, acabado brillante. Para llaveros, dijes y bijouterie. Envío gratis +$100K. ¡Empezá hoy!";"Advance Coat";SI;;;;
molde-aros-lunas;"Molde Silicona Aros Lunas - Para Dijes Artesanales";"Moldes de Silicona ";;;;;;;6,500.00;5,000.00;0.05;0.50;10.00;2.00;96;"molde 4 pares Lunas";;SI;NO;;"argentina, aros, aros artesanales argentina, aros para emprender, aros resina epoxi, buenos aires, colgantes, collar, como hacer aros, comprar moldes argentina, comprar online argentina, dije, envio argentina, estrella, luna, lunas, molde acabado brillante, molde alta calidad, molde collares, molde de estrella, molde de luna, molde duradero, molde flexible, molde manualidades, molde para aros, molde profesional, molde resina epoxi, molde reutilizable, molde silicona, molde silicona para resina, molde silicona para resina epoxi, moldes para emprender, moldes para vender, moldes resina, moldes silicona argentina";"Molde Silicona Aros Lunas | Resina Epoxi | Advance Coat";"? Molde Silicona Aros Lunas de calidad pro. Silicona flexible, acabado brillante. Para llaveros, dijes y bijouterie. Envío gratis +$100K. ¡Empezá hoy!";"Advance Coat";SI;;;;
repuesto-catalizador-componente-b-7dm7q;"Repuesto Catalizador Componente B";"Resinas Epoxi > Resina Epoxi Cristal";"CANTIDAD ";"50g Componente B";;;;;7,800.00;;0.10;5.00;5.00;5.00;99;"Componente B 50g";;SI;NO;;"catalizador, componente B, endurecedor, resina epoxi, resina para accesorios, resina para anillos, resina para fundas, resina para mesas";;;"Advance Coat";SI;;;;
repuesto-catalizador-componente-b-7dm7q;;;"CANTIDAD ";"100g Componente B";;;;;14,300.00;;0.15;5.00;5.00;5.00;99;"Componente B 100g";;;;;;;;;;;;;
repuesto-catalizador-componente-b-7dm7q;;;"CANTIDAD ";"250g Componente B";;;;;29,250.00;;0.30;5.00;5.00;5.00;100;"Componente B 250g";;;;;;;;;;;;;
repuesto-catalizador-componente-b-7dm7q;;;"CANTIDAD ";"500g Componente B";;;;;55,250.00;;0.55;5.00;5.00;5.00;100;"Componente B 500g";;;;;;;;;;;;;
repuesto-catalizador-componente-b-7dm7q;;;"CANTIDAD ";"1kg Componente B";;;;;107,250.00;;1.05;5.00;5.00;5.00;100;"Componente B 1kg";;;;;;;;;;;;;
tarro-papel-metalizado-dorado-y-plateado-116yp;"Papel Metalizado Oro y Plata - Decoración Premium Para Resina";"Arma Tu Propia Funda  > Adornos - Charms, Extras Para Resina";Color;Dorado;;;;;12,500.00;10,000.00;0.14;1.00;1.00;1.00;92;TarroOro;;SI;NO;;"8 metalizados, accesorios para emprender, accesorios resina, adorno, adornos, advance coat, argentina, buenos aires, charms, comprar online argentina, dorado, efecto oro, efecto plata, envio argentina, extra, extras, extras para resina, funda, fundas, herramientas profesionales, herramientas resina epoxi, insumos manualidades, metalizado, metalizado resina, oro, papel aluminio, papel de oro, papel metalizado, pigmento metalico, plata, plateado, utiles resina";"Papel Metalizado Oro y Plata Para Resina | Advance Coat";"? Papel metalizado oro y plata para encapsular en resina. Efecto oro premium para tus piezas artesanales.";"Advance Coat";SI;;;;
tarro-papel-metalizado-dorado-y-plateado-116yp;;;Color;Plateado;;;;;12,500.00;10,000.00;0.14;1.00;1.00;1.00;93;TarroPlateado;;;;;;;;;;;;;
caja-de-24-glitters-para-resina-epoxi-vcsru;"Caja 24 Glitters - Paleta Completa Profesional Para Resina";"Arma Tu Propia Funda  > Adornos - Charms, Extras Para Resina, Pigmentos";Color;Blanco;;;;;17,500.00;15,000.00;0.25;1.00;1.00;1.00;0;"caja glitter";;SI;NO;;"advance coat, agregado, argentina, brillantina resina, brillantina resina epoxi, buenos aires, color, colores, comprar online argentina, decoracion brillante, encapsular, envio argentina, escamas, escarcha resina, extras para resina, formas, formitas, glitter, glitter llaveros, glitter manualidades, glitter para llaveros, glitter resina, glitter tornasol, glitters, glitters goma, pigmento, purpurina resina, resina cristal, resina epoxi, resina para accesorios";"Caja 24 Glitters | Advance Coat";"? Caja 24 Glitters: brillo profesional para resina. Pocas dosis, máximo efecto. Envío gratis +$100K. ¡Sumá magia a tus piezas!";"Advance Coat";SI;;;;
caja-de-24-glitters-para-resina-epoxi-vcsru;;;Color;Rosa;;;;;17,500.00;15,000.00;0.25;1.00;1.00;1.00;8;"caja glitter";;;;;;;;;;;;;
caja-de-24-glitters-para-resina-epoxi-vcsru;;;Color;"Rojo y Azul";;;;;17,500.00;15,000.00;0.25;1.00;1.00;1.00;19;"caja glitter";;;;;;;;;;;;;
caja-de-24-glitters-para-resina-epoxi-vcsru;;;Color;Violeta;;;;;17,500.00;15,000.00;0.25;1.00;1.00;1.00;7;"caja glitter";;;;;;;;;;;;;
caja-de-24-glitters-para-resina-epoxi-vcsru;;;Color;Turquesa;;;;;17,500.00;15,000.00;0.25;1.00;1.00;1.00;1;"caja glitter";;;;;;;;;;;;;
caja-de-24-glitters-para-resina-epoxi-vcsru;;;Color;Dorado;;;;;17,500.00;15,000.00;0.25;1.00;1.00;1.00;3;"caja glitter";;;;;;;;;;;;;
trabajos-taller-presencial-1kewz;"Trabajos del Taller Presencial - Capacitación Práctica";"Cursos de Resina Epoxi";;;;;;;1.00;;0.10;5.00;5.00;5.00;;"trabajos taller";;SI;NO;;"aprender resina desde cero, argentina, buenos aires, capacitacion resina, clases resina online, como hacer resina epoxi, comprar online argentina, curso advance coat, curso online manualidades, curso para emprender, curso resina epoxi, envio argentina, trabajos taller, tutorial resina";"Trabajos del Taller Presencial | Advance Coat";;"Advance Coat";SI;;;;
molde-de-capibara-1rmbt;"Molde Silicona Capibara - Para Amantes de Mascotas";"Moldes de Silicona ";;;;;;;6,500.00;5,500.00;0.04;1.00;1.00;2.00;10;"Molde capibara";;SI;NO;;"animal, animales kawaii, argentina, buenos aires, capibara, capibara llavero, capibara resina, capybara kawaii, comprar moldes argentina, comprar online argentina, envio argentina, formas, molde, molde acabado brillante, molde alta calidad, molde de llavero, molde de oso, molde duradero, molde flexible, molde manualidades, molde osito, molde oso, molde para llavero de resina, molde profesional, molde resina epoxi, molde reutilizable, molde silicona, molde silicona para resina, molde silicona para resina epoxi, moldes para emprender, moldes para vender, moldes resina, moldes silicona, moldes silicona argentina, osito";"Molde Silicona Capibara | Resina Epoxi | Advance Coat";"? Molde Silicona Capibara de calidad pro. Silicona flexible, acabado brillante. Para llaveros, dijes y bijouterie. Envío gratis +$100K. ¡Empezá hoy!";"Advance Coat";SI;;;;
molde-buda-sentado;"Molde Silicona Buda Sentado - Diseño Espiritual";"Moldes de Silicona ";;;;;;;6,500.00;5,500.00;0.05;2.00;2.00;1.00;45;"Molde buda";;SI;NO;;"argentina, buda, buda resina, buenos aires, comprar moldes argentina, comprar online argentina, decoracion espiritual, envio argentina, fatima, feng shui, figura zen, mano, mano fatima, manos, manos fatima, molde acabado brillante, molde alta calidad, molde duradero, molde flexible, molde manualidades, molde para velas, molde profesional, molde resina epoxi, molde reutilizable, molde silicona, molde silicona para resina, molde silicona para resina epoxi, moldes para emprender, moldes para vender, moldes resina, moldes silicona, moldes silicona argentina, silicona";"Molde Silicona Buda Sentado | Resina Epoxi | Advance Coat";"? Molde Silicona Buda Sentado de calidad pro. Silicona flexible, acabado brillante. Para llaveros, dijes y bijouterie. Envío gratis +$100K. ¡Empezá hoy!";"Advance Coat";SI;;;;
molde-de-margarita-sin-un-petalo-198dc;"Molde Silicona Margarita Sin un Petalo - Diseño Floral Margaritas";"Moldes de Silicona ";;;;;;;7,000.00;6,000.00;0.03;1.00;1.00;2.00;94;"molde Margarita";;SI;NO;;"argentina, buenos aires, chapita mascota, comprar moldes argentina, comprar online argentina, envio argentina, flor, hojas, margarita, mascotas resina, molde acabado brillante, molde alta calidad, molde de flor, molde duradero, molde flexible, molde manualidades, molde para velas, molde profesional, molde resina epoxi, molde reutilizable, molde silicona, molde silicona para resina, molde silicona para resina epoxi, moldes para emprender, moldes para vender, moldes resina, moldes silicona, moldes silicona argentina, petalo, productos para perros, silicona";"Molde Silicona Margarita Sin un Petalo";"? Molde Silicona Margarita Sin un Petalo de calidad pro. Silicona flexible, acabado brillante. Para llaveros, dijes y bijouterie. Envío gratis +$100K. ¡Empez...";"Advance Coat";SI;;;;
molde-de-7-ositos-1s9wi;"Molde Silicona 7 Ositos - Diseño Kawaii con Ositos";"Moldes de Silicona ";;;;;;;7,500.00;6,500.00;0.02;1.00;1.00;1.00;89;"ositos x7";;SI;NO;;"argentina, buenos aires, comprar moldes argentina, comprar online argentina, envio argentina, formas, molde acabado brillante, molde alta calidad, molde de llavero, molde duradero, molde flexible, molde manualidades, molde osito, molde oso, molde para llavero de resina, molde patita, molde profesional, molde resina epoxi, molde reutilizable, molde silicona, molde silicona para resina, molde silicona para resina epoxi, moldes para emprender, moldes para vender, moldes resina, moldes silicona, moldes silicona argentina, osito kawaii, osito resina, ositos, oso, oso peluche resina, osos, plancha de ositos, plancha de osos";"Molde Silicona 7 Ositos | Resina Epoxi | Advance Coat";"? Molde Silicona 7 Ositos de calidad pro. Silicona flexible, acabado brillante. Para llaveros, dijes y bijouterie. Envío gratis +$100K. ¡Empezá hoy!";"Advance Coat";SI;;;;
caucho-de-silicona;"Caucho de Silicona 1:1 500gr - Crea Tus Propios Moldes Únicos";"Extras Para Resina, Moldes de Silicona ";;;;;;;50,000.00;45,000.00;0.50;6.00;8.00;11.00;1;"caucho de silicona";;SI;NO;;"accesorios para emprender, accesorios resina, advance coat, argentina, buenos aires, caucho de silicona, comprar online argentina, envio argentina, herramientas profesionales, herramientas resina epoxi, insumos manualidades, silicona para moldes, utiles resina";"Caucho de Silicona 1:1 | Advance Coat";;"Advance Coat";SI;;;;
tira-de-caracoles-para-mares-bhnfx;"Tira de Caracoles Para Mares - Decoraciones";"Arma Tu Propia Funda  > Adornos - Charms, Extras Para Resina";;;;;;;10,000.00;7,500.00;0.10;1.00;1.00;1.00;4;"1,5 caracoles";;SI;NO;;"accesorios para emprender, accesorios resina, adorno, adornos, advance coat, agregado, animal, animales, argentina, arte oceanico, buenos aires, caracoles, caracoles mar, charm, charms, comprar online argentina, conchillas resina, cuadro mar, discos de mar, envio argentina, escamas, extras para resina, glitter, glitters, herramientas profesionales, herramientas resina epoxi, insumos manualidades, mar, mar resina, mares, olas resina, rellenos marinos, resina cristal, resina epoxi, utiles resina";"Tira de caracoles para mares | Advance Coat";;"Advance Coat";SI;;;;
bolsa-de-arena-a767p;"Bolsa de Arena";"Arma Tu Propia Funda , Extras Para Resina";;;;;;;4,000.00;3,500.00;0.10;1.00;1.00;1.00;8;"bolsa arena";;SI;NO;;"accesorios para emprender, accesorios resina, adorno, adornos, advance coat, agregado, arena, arena decorativa, arena resina, argentina, bolsa arena, buenos aires, charms, color, colores, comprar online argentina, envio argentina, escamas, extras, extras para resina, herramientas profesionales, herramientas resina epoxi, insumos manualidades, relleno mar, resina cristal, resina epoxi, resina para accesorios, utiles resina";"Bolsa de Arena | Advance Coat";;"Advance Coat";SI;;;;
combo-para-hacer-mares-p4w0r;"Combo Olas y Mares - Cuadros Tipo Océano en Resina";"Combos > Combos iniciales, Combos > Otros combos";;;;;;;42,000.00;39,900.00;0.20;1.00;1.00;5.00;10;"150g + dr azul y verde + bel blanco + arena + caracoles";;SI;NO;;"arena, argentina, arte oceanico, buenos aires, caracoles, combo advance coat, combo emprendedor, combo mar, combo mares, combo resina, combo todo incluido, comprar combo resina argentina, comprar online argentina, cuadro mar, disco de mar, discos de mar, efecto agua, envio argentina, funda, fundas, kit completo principiantes, kit emprendimiento, kit hobbistas, kit manualidades, kit para empezar, kit para regalar, kit resina epoxi, mar, mar resina, mares, olas resina, resina epoxi, set resina epoxi";"Combo Olas y Mares | Advance Coat";;"Advance Coat";SI;;;;
molde-arbol-de-navidad-pequeno-ygke8;"Molde Silicona Árbol de Navidad Pequeño - Edición Navideña";"Moldes de Silicona ";;;;;;;16,000.00;12,000.00;0.08;1.00;1.00;5.00;10;"arbol navidad pequeño";;SI;NO;;"adornos arbol navidad, adornos navidenos, arbol, arbol navidad, argentina, base, buenos aires, comprar moldes argentina, comprar online argentina, decoracion navidad, envio argentina, formas, formas navidenas, foto, fotos, molde acabado brillante, molde alta calidad, molde duradero, molde flexible, molde manualidades, molde para llaveros, molde profesional, molde resina epoxi, molde reutilizable, molde silicona, molde silicona para resina, molde silicona para resina epoxi, moldes para emprender, moldes para vender, moldes resina, moldes silicona, moldes silicona argentina, navidad, navidad resina, regalos navidad";"Molde Silicona Árbol de Navidad Pequeño";"? Molde Silicona Árbol de Navidad Pequeño de calidad pro. Silicona flexible, acabado brillante. Para llaveros, dijes y bijouterie. Envío gratis +$100K. ¡Empe...";"Advance Coat";SI;;;;
combo-3-pinzas-para-accesorios-nib3d;"Combo 3 Pinzas Para Accesorios";"Combos > Combos de herramientas, Arma Tu Propia Funda  > Herramientas, Extras Para Resina";;;;;;;36,000.00;30,000.00;0.10;5.00;5.00;5.00;13;"combo 3 pinzas";;SI;NO;;"accesorios para emprender, accesorios resina, advance coat, agarrar, agarre, ajuste, alicate, argentina, argolla, buenos aires, combo, combo herramienta, combo herramientas, combo pinza, comprar online argentina, corte, envio argentina, herramientas profesionales, herramientas resina epoxi, insumos manualidades, kit llavero, llavero, molde pinzas, pinza, pinza manualidades, pinza precision, pinzas, pinzas resina, rosario, set pinza, set pinzas, utiles resina";"Combo 3 Pinzas para Accesorios | Advance Coat";;"Advance Coat";SI;;;;
pegamento-b7000-mffzs;"Pegamento B7000 - Adhesivo Profesional Para Bijouterie";"Arma Tu Propia Funda  > Herramientas, Extras Para Resina";;;;;;;12,000.00;;0.10;5.00;5.00;5.00;22;"pegamento b7000";;SI;NO;;"accesorios para emprender, accesorios resina, adhesivo, adhesivo b7000, advance coat, argentina, b7000, buenos aires, comprar online argentina, envio argentina, extras para resina, herramientas profesionales, herramientas resina epoxi, insumos manualidades, llaveros, pegamento, pegar, resina epoxi, utiles resina";"Pegamento B7000 | Advance Coat";;"Advance Coat";SI;;;;
combo-de-herramientas-para-hacer-accesorios-de-resina-epoxi-xkl81;"Combo de Herramientas para hacer Accesorios de Resina Epoxi";"Combos > Combos de herramientas, Arma Tu Propia Funda  > Herramientas, Extras Para Resina";;;;;;;60,000.00;54,000.00;0.40;5.00;5.00;5.00;5;"combo herramientas + pinza accesorios";;SI;NO;;"accesorios para emprender, accesorios resina, advance coat, argentina, balanza, balanza + vaso, balanza digital, balanza para resina, balanza y vaso, buenos aires, comprar online argentina, envio argentina, extras para resina, herramientas profesionales, herramientas resina epoxi, insumos manualidades, kit medicion, llaveros, medicion, medir, perforador para resina, perforadora, perforadora electrica, pitones, rebarbador, resina epoxi, soplete, soplete para resina, utiles resina, vaso, vaso medidor, vaso medir";"Combo de Herramientas para hacer Accesorios de Resina Epoxi";;"Advance Coat";SI;;;;
pinza-para-accesorios-l2l3v;"Pinza para Accesorios - Ensamble Profesional de Bijouterie";"Combos > Combos de herramientas, Arma Tu Propia Funda  > Herramientas, Extras Para Resina";Tipo;Pinza;;;;;12,000.00;;0.10;5.00;5.00;5.00;46;pinza;;SI;NO;;"accesorios para emprender, accesorios resina, advance coat, agarrar, agarre, alicate, argentina, buenos aires, combo pinza, combo pinzas, comprar online argentina, cortar, envio argentina, extras para resina, herramientas profesionales, herramientas resina epoxi, insumos manualidades, kit llavero, llavero, llaveros, molde para llaveros, pinza, pinza manualidades, pinza precision, pinzas, pinzas resina, resina epoxi, resina para accesorios, set pinza, set pinzas, utiles resina";"Pinza para Accesorios | Advance Coat";;"Advance Coat";SI;;;;
pinza-para-accesorios-l2l3v;;;Tipo;"Pinza Rosario";;;;;12,000.00;;0.10;5.00;5.00;5.00;11;"pinza rosario";;;;;;;;;;;;;
pinza-para-accesorios-l2l3v;;;Tipo;"Pinza Alicate";;;;;12,000.00;;0.10;5.00;5.00;5.00;8;"pinza alicate";;;;;;;;;;;;;
pack-3-caja-charms-flores-para-fundas;"Pack 3 Cajas Charms Flores - Decoración Premium Para Fundas";"Arma Tu Propia Funda  > Adornos - Charms, Extras Para Resina";;;;;;;10,000.00;8,500.00;0.05;1.00;1.00;1.00;0;"pack 3 cajas charms flores";;SI;NO;;"adorno, adornos, adornos fundas, advance coat, agregado, animal, animales, argentina, aros flores, buenos aires, charm, charms, charms decorativos, charms kawaii, charms manualidades, charms para fundas, charms resina, color, colores, comprar charms argentina, comprar online argentina, decoracion para llaveros, decorativos resina, envio argentina, escamas, extras, florales resina, flores resina, funda iphone, fundas celular, fundas con resina, fundas personalizadas, mini charms kawaii, primavera resina, rellenos resina";"Pack 3 Cajas Charms Flores | Advance Coat";"? Pack 3 Cajas Charms Flores decoración premium para fundas, llaveros y dijes. Envío gratis +$100K. 12 cuotas. ¡Diferenciate del mercado!";"Advance Coat";SI;;;;
flecos-de-hilo-largo-x-10-unidades;"Flecos de Hilo Largo x 10 - Terminación Premium Para Llaveros y Aros";"Extras Para Resina";Color;Negro;;;;;5,500.00;;0.05;1.00;1.00;1.00;0;flecoshilo;;SI;NO;;"accesorios, accesorios para emprender, accesorios resina, advance coat, argentina, bases para dijes, borla, borlas, buenos aires, comprar online argentina, dijes, envio argentina, extra, extras, extras para resina, fleco, fleco hilos, flecos, flecos gamuza, flecos hilo, flecos llaveros, herramientas profesionales, herramientas resina epoxi, hilo, hilos, insumos manualidades, molde para llaveros, pompones resina, resina para accesorios, terminaciones llaveros, utiles resina";"Flecos de Hilo Largo x 10 Para Llaveros | Advance Coat";"? Pack x 10 flecos de hilo largo para terminar llaveros y aros. Varios colores disponibles. Terminación premium para tu bijouterie.";"Advance Coat";SI;;;;
flecos-de-hilo-largo-x-10-unidades;;;Color;Celeste;;;;;5,500.00;;0.05;1.00;1.00;1.00;0;flecoshilo;;;;;;;;;;;;;
flecos-de-hilo-largo-x-10-unidades;;;Color;Azul;;;;;5,500.00;;0.05;1.00;1.00;1.00;0;flecoshilo;;;;;;;;;;;;;
flecos-de-hilo-largo-x-10-unidades;;;Color;Fucsia;;;;;5,500.00;;0.05;1.00;1.00;1.00;4;flecoshilo;;;;;;;;;;;;;
flecos-de-hilo-largo-x-10-unidades;;;Color;Verde;;;;;5,500.00;;0.05;1.00;1.00;1.00;3;flecoshilo;;;;;;;;;;;;;
flecos-de-hilo-largo-x-10-unidades;;;Color;Turquesa;;;;;5,500.00;;0.05;1.00;1.00;1.00;0;flecoshilo;;;;;;;;;;;;;
flecos-de-hilo-largo-x-10-unidades;;;Color;"Marron claro";;;;;5,500.00;;0.05;1.00;1.00;1.00;5;flecoshilo;;;;;;;;;;;;;
flecos-de-hilo-largo-x-10-unidades;;;Color;"Violeta claro";;;;;5,500.00;;0.05;1.00;1.00;1.00;0;flecoshilo;;;;;;;;;;;;;
flecos-de-hilo-largo-x-10-unidades;;;Color;"Verde Fluo";;;;;5,500.00;;0.05;1.00;1.00;1.00;2;flecoshilo;;;;;;;;;;;;;
mini-charms-de-flores;"Mini Charms Flores - Decoración Botánica Para Resina";"Arma Tu Propia Funda  > Adornos - Charms, Extras Para Resina";;;;;;;8,500.00;7,500.00;0.05;1.00;1.00;1.00;3;"50 charms flores";;SI;NO;;"adorno, adornos, adornos fundas, advance coat, agregado, animal, animales, argentina, aros flores, bijouterie mini, buenos aires, charms, charms decorativos, charms kawaii, charms manualidades, charms para fundas, charms resina, color, colores, comprar charms argentina, comprar online argentina, decoracion para llaveros, decorativos resina, envio argentina, escamas, extras, extras para resina, flor, florales resina, flores resina, mini charms kawaii, mini resina, miniaturas resina, primavera resina, rellenos resina";"Mini Charms Flores | Advance Coat";"? Mini Charms Flores decoración premium para fundas, llaveros y dijes. Envío gratis +$100K. 12 cuotas. ¡Diferenciate del mercado!";"Advance Coat";SI;;;;
mini-charms-de-conejos;"Mini Charms Conejos - Decoración Kawaii Para Resina";"Arma Tu Propia Funda  > Adornos - Charms, Extras Para Resina";;;;;;;8,500.00;7,500.00;0.05;1.00;1.00;1.00;4;"30 charms conejos";;SI;NO;;"adorno, adornos, adornos fundas, advance coat, agregado, animal, animales, argentina, bijouterie mini, buenos aires, charms, charms decorativos, charms kawaii, charms manualidades, charms para fundas, charms resina, color, colores, comprar charms argentina, comprar online argentina, conejito, conejitos, conejo, conejos, decoracion para llaveros, decorativos resina, envio argentina, escamas, extras, extras para resina, formas, mini charms kawaii, mini resina, miniaturas resina, rellenos resina";"Mini Charms Conejos | Advance Coat";"? Mini Charms Conejos decoración premium para fundas, llaveros y dijes. Envío gratis +$100K. 12 cuotas. ¡Diferenciate del mercado!";"Advance Coat";SI;;;;
molde-aros-modernos;"Molde Silicona Aros Modernos - Para Dijes Artesanales";;;;;;;;7,000.00;6,500.00;0.05;1.00;1.00;1.00;5;"molde aros modernos";;SI;NO;;"argentina, aritos, aritos modernos, aros, aros artesanales argentina, aros modernos, aros para emprender, aros resina epoxi, buenos aires, caja aros, cajita aros, colgante, colgantes, como hacer aros, comprar moldes argentina, comprar online argentina, envio argentina, llavero, llaveros, molde, molde acabado brillante, molde alta calidad, molde de colgante, molde duradero, molde flexible, molde manualidades, molde para aros, molde profesional, molde resina epoxi, molde reutilizable, molde silicona, moldes para emprender, moldes para vender, moldes resina, moldes silicona argentina";"Molde Silicona Aros Modernos | Resina Epoxi | Advance Coat";"? Molde Silicona Aros Modernos de calidad pro. Silicona flexible, acabado brillante. Para llaveros, dijes y bijouterie. Envío gratis +$100K. ¡Empezá hoy!";"Advance Coat";SI;;;;
mini-charms-de-animales;"Mini Charms Animales - Decoración Kawaii Variada";"Arma Tu Propia Funda  > Adornos - Charms, Extras Para Resina";;;;;;;8,500.00;7,500.00;0.05;1.00;1.00;1.00;3;"50 glitter acrilico animales";;SI;NO;;"acrilico, adorno, adornos, adornos fundas, advance coat, agregado, animal, animales, argentina, bijouterie mini, buenos aires, charms, charms decorativos, charms kawaii, charms manualidades, charms para fundas, charms resina, color, colores, comprar charms argentina, comprar online argentina, decoracion para llaveros, decorativos resina, envio argentina, escamas, extras, extras para resina, formas, funda, fundas, glitter, mini charms kawaii, mini resina, miniaturas resina, rellenos resina";"Mini Charms Animales | Advance Coat";"? Mini Charms Animales decoración premium para fundas, llaveros y dijes. Envío gratis +$100K. 12 cuotas. ¡Diferenciate del mercado!";"Advance Coat";SI;;;;
charms-de-frutas-medianas;"Charms Frutas Medianas - Decoración Tropical Para Resina";"Arma Tu Propia Funda  > Adornos - Charms, Extras Para Resina";;;;;;;8,500.00;7,500.00;0.05;1.00;1.00;1.00;3;"30 glitter acrilico frutas";;SI;NO;;"acrilico, adorno, adornos, adornos fundas, advance coat, agregado, argentina, buenos aires, charms, charms decorativos, charms kawaii, charms manualidades, charms para fundas, charms resina, color, colores, comprar charms argentina, comprar online argentina, decoracion para llaveros, decorativos resina, envio argentina, escamas, extras, extras para resina, formas, fruta, frutas, funda, fundas, glitter, glitters, mini charms kawaii, promocion, rellenos resina, resina cristal";"Charms Frutas Medianas | Advance Coat";"? Charms Frutas Medianas decoración premium para fundas, llaveros y dijes. Envío gratis +$100K. 12 cuotas. ¡Diferenciate del mercado!";"Advance Coat";SI;;;;
molde-cactus;"Molde Silicona Cactus - Diseño Botánico Moderno";;;;;;;;7,500.00;6,000.00;0.05;1.00;1.00;1.00;15;"molde cactus";;SI;NO;;"argentina, buenos aires, cactus, comprar moldes argentina, comprar online argentina, envio argentina, hoja, hojas, llavero, llaveros, molde, molde acabado brillante, molde alta calidad, molde de colgante, molde de dijes, molde duradero, molde flexible, molde manualidades, molde para llaveros, molde profesional, molde resina epoxi, molde reutilizable, molde silicona, molde silicona para resina, molde silicona para resina epoxi, moldes para emprender, moldes para vender, moldes resina, moldes silicona, moldes silicona argentina, plancha, planta, silicona";"Molde Silicona Cactus | Resina Epoxi | Advance Coat";"? Molde Silicona Cactus de calidad pro. Silicona flexible, acabado brillante. Para llaveros, dijes y bijouterie. Envío gratis +$100K. ¡Empezá hoy!";"Advance Coat";SI;;;;
molde-hojas-chala;"Molde Silicona Hojas Chala - Diseño Botánico Natural";;;;;;;;7,500.00;6,000.00;0.05;1.00;1.00;1.00;9;"molde hojas chala";;SI;NO;;"argentina, buenos aires, chala, chalas, comprar moldes argentina, comprar online argentina, envio argentina, hoja, hojas, llavero, llaveros, marihuana, molde, molde acabado brillante, molde alta calidad, molde de colgante, molde de dijes, molde duradero, molde flexible, molde manualidades, molde para llaveros, molde profesional, molde resina epoxi, molde reutilizable, molde silicona, molde silicona para resina, molde silicona para resina epoxi, moldes para emprender, moldes para vender, moldes resina, moldes silicona, moldes silicona argentina";"Molde Silicona Hojas Chala | Resina Epoxi | Advance Coat";"? Molde Silicona Hojas Chala de calidad pro. Silicona flexible, acabado brillante. Para llaveros, dijes y bijouterie. Envío gratis +$100K. ¡Empezá hoy!";"Advance Coat";SI;;;;
molde-bombones;"Molde Silicona Bombones - Para Dijes Artesanales";;;;;;;;7,600.00;6,000.00;0.05;1.00;1.00;1.00;14;"molde bombones";;SI;NO;;"argentina, bombon, bombones, buenos aires, circular, circulos, comprar moldes argentina, comprar online argentina, corazon, envio argentina, forma, formas, llavero, llaveros, molde, molde acabado brillante, molde alta calidad, molde de colgante, molde de dijes, molde de esfera, molde duradero, molde flexible, molde manualidades, molde para llaveros, molde profesional, molde resina epoxi, molde reutilizable, molde silicona, molde silicona para resina, molde silicona para resina epoxi, moldes para emprender, moldes para vender, moldes resina, moldes silicona, moldes silicona argentina";"Molde Silicona Bombones | Resina Epoxi | Advance Coat";"? Molde Silicona Bombones de calidad pro. Silicona flexible, acabado brillante. Para llaveros, dijes y bijouterie. Envío gratis +$100K. ¡Empezá hoy!";"Advance Coat";SI;;;;
caja-glitter-formas-para-resina-epoxi;"Glitter con Formas Para Resina - Variedad Decorativa Premium";"Arma Tu Propia Funda  > Adornos - Charms, Extras Para Resina, Pigmentos";Color;Negro;;;;;20,000.00;15,000.00;0.25;1.00;1.00;1.00;9;"caja glitter";;SI;NO;;"12 glitters, advance coat, agregado, argentina, brillantina resina, brillantina resina epoxi, buenos aires, color, colores, comprar online argentina, decoracion brillante, encapsular, envio argentina, escamas, escarcha resina, extras para resina, formas, formitas, glitter, glitter llaveros, glitter manualidades, glitter para llaveros, glitter resina, glitter tornasol, glitters, glitters goma, pigmento, purpurina resina, resina cristal, resina epoxi, resina para accesorios";"Glitter con Formas Para Resina | Advance Coat";"? Glitter con Formas Para Resina: brillo profesional para resina. Pocas dosis, máximo efecto. Envío gratis +$100K. ¡Sumá magia a tus piezas!";"Advance Coat";SI;;;;
caja-glitter-formas-para-resina-epoxi;;;Color;Blanco;;;;;20,000.00;15,000.00;0.25;1.00;1.00;1.00;2;"caja glitter";;;;;;;;;;;;;
caja-glitter-formas-para-resina-epoxi;;;Color;Celeste;;;;;20,000.00;15,000.00;0.25;1.00;1.00;1.00;7;"caja glitter";;;;;;;;;;;;;
caja-glitter-formas-para-resina-epoxi;;;Color;Rosa;;;;;20,000.00;15,000.00;0.25;1.00;1.00;1.00;14;"caja glitter";;;;;;;;;;;;;
caja-glitter-formas-para-resina-epoxi;;;Color;Rojo;;;;;20,000.00;15,000.00;0.25;1.00;1.00;1.00;6;"caja glitter";;;;;;;;;;;;;
caja-glitter-formas-para-resina-epoxi;;;Color;Naranja;;;;;20,000.00;15,000.00;0.25;1.00;1.00;1.00;8;"caja glitter";;;;;;;;;;;;;
caja-glitter-formas-para-resina-epoxi;;;Color;Violeta;;;;;20,000.00;15,000.00;0.25;1.00;1.00;1.00;8;"caja glitter";;;;;;;;;;;;;
combo-para-hacer-anillos-avanzado;"Combo Avanzado Anillos - Joyería Artesanal de Producción";"Combos > Combos iniciales, Combos > Otros combos, Extras Para Resina, Moldes de Silicona ";;;;;;;68,000.00;64,000.00;0.35;1.00;1.00;1.00;0;"150g + plancha mini esferas + 20 base anillos + balanza + 12 tintas";;NO;NO;;"12 tintas, acero, acero quirugico, advance coat, agregado, anillo, anillos, anillos artesanales, anillos resina, argentina, balanza y vaso, base, base anillo, base anillos, bases, bases anillos, bases para dijes, bisuteria anillos, buenos aires, circulo, combo advance coat, combo emprendedor, combo resina, combo todo incluido, comprar combo resina argentina, comprar online argentina, envio argentina, kit completo principiantes, kit emprendimiento, kit hobbistas, kit manualidades, kit para empezar, kit para regalar, kit resina epoxi, set resina epoxi";"Combo Avanzado Anillos | Advance Coat";;"Advance Coat";SI;;;;
combo-para-hacer-anillos1;"Combo Anillos Artesanales - Bisutería Única en Resina";"Combos > Combos iniciales, Combos > Otros combos, Extras Para Resina, Moldes de Silicona ";;;;;;;40,000.00;36,500.00;0.25;1.00;1.00;1.00;0;"150g + plancha mini esferas + 20 base anillos + balanza";;NO;NO;;"acero, acero quirugico, advance coat, agregado, anillo, anillos, anillos artesanales, anillos resina, argentina, balanza y vaso, base, base anillo, base anillos, bases, bases anillos, bases para dijes, bisuteria anillos, buenos aires, circulo, circulos, combo advance coat, combo emprendedor, combo resina, combo todo incluido, comprar combo resina argentina, comprar online argentina, envio argentina, kit completo principiantes, kit emprendimiento, kit hobbistas, kit manualidades, kit para empezar, kit para regalar, kit resina epoxi, set resina epoxi";"Combo Anillos Artesanales | Advance Coat";;"Advance Coat";SI;;;;
pack-20-base-de-anillos-para-resina-epoxi;"Pack 20 Bases para Anillos - Stock Para Joyería Artesanal";"Extras Para Resina, Moldes de Silicona ";;;;;;;12,000.00;10,000.00;0.25;1.00;1.00;1.00;3;"20 anillos";;SI;NO;;"accesorios para emprender, accesorios resina, acero, acero quirugico, advance coat, agregado, anillo, anillos, anillos artesanales, anillos resina, argentina, base, base anillos, bases, bases anillos, bases para dijes, bisuteria anillos, buenos aires, comprar online argentina, dijes, dijes para resina, envio argentina, extras para resina, hacer anillos, herramientas profesionales, herramientas resina epoxi, insumos manualidades, metalizado, molde de anillo, molde de dijes, resina cristal, resina epoxi, resina para accesorios, resina para anillos, utiles resina";"Pack 20 Bases para Anillos | Advance Coat";;"Advance Coat";SI;;;;
set-26-tintas-al-alcohol;"Set 26 Tintas al Alcohol - Paleta Completa Profesional";"Extras Para Resina, Moldes de Silicona , Pigmentos";;;;;;;46,999.00;40,000.00;0.25;1.00;1.00;1.00;8;"26 tintas";;SI;NO;;"advance coat, agregado, alcohol, argentina, buenos aires, color, color para llaveros, color resina epoxi, colorante resina, colores, comprar online argentina, comprar pigmentos argentina, concentrado color resina, envio argentina, escamas, extras para resina, glitter, glitters, pigmento, pigmento alcohol, pigmento alta concentracion, pigmento metalizado, pigmento opaco, pigmento resina, pigmento traslucido, pigmentos, resina cristal, resina epoxi, resina para accesorios, tinta alcohol, tinta alcohol resina, tinta resina epoxi, tintas, tintas al alcohol, tintas resina";"Set 26 Tintas al Alcohol | Advance Coat";;"Advance Coat";SI;;;;
pack-para-hacer-aros;"Pack para hacer Aros";"Extras Para Resina";;;;;;;10,000.00;8,500.00;0.05;1.00;1.00;1.00;16;"Caja aros";;SI;NO;;"accesorios para emprender, accesorios resina, advance coat, arandela, argentina, aro, aros, aros artesanales argentina, aros para emprender, aros resina epoxi, buenos aires, caja, caja aros, cajita aros, como hacer aros, comprar online argentina, envio argentina, herramientas profesionales, herramientas resina epoxi, insumos manualidades, molde para aros, pack, silicona, utiles resina, varias mariposas";"Pack para hacer Aros | Advance Coat";;"Advance Coat";SI;;;;
caja-12-glitters-de-goma;"Caja 12 Glitters de Goma - Profesional Para Resina";"Arma Tu Propia Funda  > Adornos - Charms, Extras Para Resina";;;;;;;10,000.00;8,500.00;0.05;1.00;1.00;1.00;2;"caja glitters de goma";;SI;NO;;"12 glitters, adorno, adornos, advance coat, agregado, argentina, brillantina resina, brillantina resina epoxi, buenos aires, charms, color, colores, comprar online argentina, decoracion brillante, envio argentina, escamas, escarcha resina, extras, extras para resina, funda, fundas, glitter, glitter llaveros, glitter manualidades, glitter para llaveros, glitter resina, glitter tornasol, glitters, glitters goma, goma, promocion, purpurina resina, resina cristal, resina epoxi, resina para accesorios";"Caja 12 Glitters de Goma | Advance Coat";"? Caja 12 Glitters de Goma: brillo profesional para resina. Pocas dosis, máximo efecto. Envío gratis +$100K. ¡Sumá magia a tus piezas!";"Advance Coat";SI;;;;
resina-volumen-1-kg;"Resina Epoxi Cristal 1kg - Volumen 1 a 1";"Resinas Epoxi > Resina Epoxi Cristal";;;;;;;65,000.00;55,000.00;1.10;1.00;1.00;4.00;7;"resina volumen";;SI;NO;;"1 a 1, advance coat, argentina, buenos aires, comprar online argentina, comprar resina online, donde comprar resina, envio argentina, lampara, resina advance coat, resina alta calidad, resina argentina, resina argentina envio, resina cristal, resina epoxi, resina epoxi cristal, resina manualidades argentina, resina para accesorios, resina para anillos, resina para dijes, resina para emprender, resina para hacer accesorios, resina para llaveros, resina para mesas, resina profesional, resina sin burbujas, resina transparente, resina volumen, secado rapido, volumen";"Resina Epoxi Cristal 1kg | Calidad Pro | Advance Coat";"Resina Epoxi Cristal 1kg cristal sin burbujas. La elegida por +5000 emprendedoras. Envío gratis +$100K. ¡Comprá ahora!";"Advance Coat";SI;;;;
pack-50-palitos;"Pack 50 Palitos para Mezclar - Stock Para Producción Continua";"Extras Para Resina";;;;;;;6,000.00;5,000.00;0.05;1.00;1.00;1.00;6;"50 palitos";;SI;NO;;"accesorios para emprender, accesorios resina, advance coat, argentina, buenos aires, caja, comprar online argentina, envio argentina, herramienta, herramientas, herramientas profesionales, herramientas resina epoxi, insumos manualidades, palito, palitos, palitos descartables, palitos manualidades, palitos mezclar, resina epoxi, revolver, utiles resina";"Pack 50 Palitos para Mezclar | Advance Coat";;"Advance Coat";SI;;;;
pack-20-llaveros-reforzados-para-resina-epoxi;"Pack 20 Llaveros Reforzados - Pitones y Argollas";"Extras Para Resina";;;;;;;10,000.00;9,000.00;0.05;1.00;1.00;1.00;80;"Caja llaveros";;SI;NO;;"accesorios para emprender, accesorios resina, advance coat, arandela, argentina, argolla, buenos aires, caja, caja llaveros, como hacer llaveros, comprar online argentina, envio argentina, herramientas profesionales, herramientas resina epoxi, insumos manualidades, kit llavero, llavero, llaveros, llaveros para vender, llaveros personalizados, llaveros resina, mini piton, minipiton, molde llaveros, pack, pack llaveros, utiles resina";"Pack 20 Llaveros Reforzados | Advance Coat";;"Advance Coat";SI;;;;
lampara-de-secado-rapido-uv-60w;"Lámpara UV LED 60W - Secado Rápido Profesional";"Arma Tu Propia Funda  > Herramientas, Resinas Epoxi > Resina UV, Extras Para Resina, Arma Tu Propia Funda  > Resinas Epoxi Para Fundas";;;;;;;32,000.00;30,000.00;0.20;1.00;1.00;1.00;21;"lampara grande 60w";;NO;NO;;"60w, accesorios para emprender, accesorios resina, advance coat, argentina, buenos aires, comprar online argentina, envio argentina, herramientas profesionales, herramientas resina epoxi, insumos manualidades, lampara, lampara led resina, lampara para unas, lampara secado, lampara uv, rapido, resina con lampara, resina epoxi, resina para accesorios, resina para anillos, resina para mesas, resina rapida, resina secado rapido, resina uv, secado, secado rapido, utiles resina";"Lámpara UV LED 60W | Advance Coat";;"Advance Coat";SI;;;;
molde-coronas-corazones-monos;"Molde Silicona Coronas Corazones Moños - Diseño Romántico";;;;;;;;8,500.00;7,500.00;0.05;1.00;1.00;1.00;20;"molde corona corazones moños";;SI;NO;;"argentina, buenos aires, comprar moldes argentina, comprar online argentina, corazon, corazon llavero, corazon resina, corazones, corona, coronas, envio argentina, llavero, llaveros, molde, molde acabado brillante, molde alta calidad, molde corazon, molde corazones, molde de colgante, molde de dijes, molde duradero, molde flexible, molde manualidades, molde para llaveros, molde profesional, molde resina epoxi, molde reutilizable, molde silicona, molde silicona para resina, molde silicona para resina epoxi, moldes para emprender, moldes para vender, moldes resina, moldes silicona argentina, regalo amor";"Molde Silicona Coronas Corazones Moños";"? Molde Silicona Coronas Corazones Moños de calidad pro. Silicona flexible, acabado brillante. Para llaveros, dijes y bijouterie. Envío gratis +$100K. ¡Empez...";"Advance Coat";SI;;;;
charms-con-forma-de-monos;"Charms Moños - Decoración Para Fundas y Llaveros";"Arma Tu Propia Funda  > Adornos - Charms, Extras Para Resina";;;;;;;3,500.00;3,250.00;0.01;1.00;0.50;1.00;8;"5 unidades moños";;SI;NO;;"adornos, adornos fundas, agregados para resina, argentina, blanco, buenos aires, charms, charms decorativos, charms kawaii, charms manualidades, charms para fundas, charms resina, comprar charms argentina, comprar online argentina, decoracion para llaveros, decoraciones, decorativos resina, envio argentina, extra, extras, extras para resina, funda, fundas, glitters, gltiter, kit llavero, mini charms kawaii, mono, monos, rellenos resina";"Charms Moños | Advance Coat";"? Charms Moños decoración premium para fundas, llaveros y dijes. Envío gratis +$100K. 12 cuotas. ¡Diferenciate del mercado!";"Advance Coat";SI;;;;
charms-con-forma-de-corazones-pequenos;"Mini Charms Corazones - Decoración Premium Para Fundas";"Arma Tu Propia Funda  > Adornos - Charms, Extras Para Resina";;;;;;;3,500.00;3,250.00;0.01;1.00;0.50;1.00;16;"5g corazones pequeños charms";;SI;NO;;"adornos, adornos fundas, agregados para resina, argentina, blanco, buenos aires, charms, charms decorativos, charms kawaii, charms manualidades, charms para fundas, charms resina, comprar charms argentina, comprar online argentina, corazon, corazon llavero, corazon resina, corazones, decoracion para llaveros, decoraciones, decorativos resina, envio argentina, extra, extras, extras para resina, funda, fundas, glitters, gltiter, kit llavero, mini charms kawaii, molde corazon, puntos, regalo amor, rellenos resina";"Mini Charms Corazones | Advance Coat";"? Mini Charms Corazones decoración premium para fundas, llaveros y dijes. Envío gratis +$100K. 12 cuotas. ¡Diferenciate del mercado!";"Advance Coat";SI;;;;
charms-con-forma-de-corazones-con-puntos;"Charms Corazones con Puntos - Decoración Kawaii";"Arma Tu Propia Funda  > Adornos - Charms, Extras Para Resina";;;;;;;3,500.00;3,250.00;0.01;1.00;0.50;1.00;0;"10 unidades corazones con pico";;NO;NO;;"adornos, adornos fundas, agregados para resina, argentina, blanco, buenos aires, charms, charms decorativos, charms kawaii, charms manualidades, charms para fundas, charms resina, comprar charms argentina, comprar online argentina, corazon, corazon llavero, corazon resina, corazones, decoracion para llaveros, decoraciones, decorativos resina, envio argentina, extra, extras, extras para resina, funda, fundas, glitters, gltiter, kit llavero, mini charms kawaii, molde corazon, puntos, regalo amor, rellenos resina";"Charms Corazones con Puntos | Advance Coat";"? Charms Corazones con Puntos decoración premium para fundas, llaveros y dijes. Envío gratis +$100K. 12 cuotas. ¡Diferenciate del mercado!";"Advance Coat";SI;;;;
charms-con-forma-de-dados;"Charms Dados - Decoración Original Para Resina";"Arma Tu Propia Funda  > Adornos - Charms, Extras Para Resina";Color;Blanco;;;;;7,000.00;6,500.00;0.02;1.00;0.50;1.00;28;"30 dados blancos y negros";;SI;NO;;"adornos, adornos fundas, agregados para resina, argentina, blanco, buenos aires, charms, charms decorativos, charms kawaii, charms manualidades, charms para fundas, charms resina, comprar charms argentina, comprar online argentina, dado, dados, decoracion para llaveros, decoraciones, decorativos resina, envio argentina, escamas, estrellas, extra, extras, extras para resina, funda, fundas, kit llavero, mini charms kawaii, negro, rellenos resina";"Charms Dados | Advance Coat";"? Charms Dados decoración premium para fundas, llaveros y dijes. Envío gratis +$100K. 12 cuotas. ¡Diferenciate del mercado!";"Advance Coat";SI;;;;
combo-para-hacer-fundas-charms-resina-uv;"Combo para Hacer Fundas Charms - Resina UV";"Combos > Combos iniciales, Combos > Otros combos, Arma Tu Propia Funda  > Adornos - Charms, Arma Tu Propia Funda  > Resinas Epoxi Para Fundas";;;;;;;52,500.00;;0.30;1.00;1.00;1.00;20;"resina uv + lampara + 3 bolsas charms + balanza";;NO;SI;;"adornos fundas, argentina, balanza digital, buenos aires, charm, charms, charms decorativos, charms kawaii, charms manualidades, charms para fundas, charms resina, combo, combo para hacer fundas, comprar charms argentina, comprar online argentina, corazones, decoracion para llaveros, decoraciones, decorativos resina, envio argentina, formas, formitas, funda, funda iphone, fundas, fundas celular, fundas con resina, fundas personalizadas, hacer fundas, mini charms kawaii, rellenos resina, resina con lampara, resina rapida, resina secado rapido, resina uv";"Combo para Hacer Fundas Charms | Advance Coat";"? Combo para Hacer Fundas Charms decoración premium para fundas, llaveros y dijes. Envío gratis +$100K. 12 cuotas. ¡Diferenciate del mercado!";"Advance Coat";SI;;;;
combo-para-hacer-fundas-charms-resina-epoxi;"Combo para Hacer Fundas Charms - Resina Epoxi";"Combos > Combos iniciales, Combos > Otros combos, Arma Tu Propia Funda  > Adornos - Charms, Arma Tu Propia Funda  > Resinas Epoxi Para Fundas";;;;;;;45,000.00;;0.30;1.00;1.00;1.00;44;"150g+ 3 bolsas charms + balanza";;SI;SI;;"adornos fundas, argentina, balanza digital, buenos aires, charm, charms, charms decorativos, charms kawaii, charms manualidades, charms para fundas, charms resina, combo, combo para hacer fundas, comprar charms argentina, comprar online argentina, corazones, decoracion para llaveros, decoraciones, decorativos resina, envio argentina, formas, formitas, funda, funda iphone, fundas, fundas celular, fundas con resina, fundas personalizadas, hacer fundas, mini charms kawaii, molde, ositos, rellenos resina, resina epoxi, rosa";"Combo para Hacer Fundas Charms | Advance Coat";"? Combo para Hacer Fundas Charms decoración premium para fundas, llaveros y dijes. Envío gratis +$100K. 12 cuotas. ¡Diferenciate del mercado!";"Advance Coat";SI;;;;
pack-5-lapiceras;"Pack 6 Lapiceras - Base Para Crear Lapiceras Personalizadas";"Moldes de Silicona ";;;;;;;20,000.00;;0.10;1.00;1.00;1.00;0;"pack 5 lapiceras";;NO;NO;;"accesorios para emprender, accesorios resina, advance coat, argentina, buenos aires, comprar online argentina, envio argentina, herramientas profesionales, herramientas resina epoxi, insumos manualidades, lapiceras corporativas, lapiceras personalizadas, lapiceras regalo, lapiceras resina, utiles resina";"Pack 6 Lapiceras | Advance Coat";;"Advance Coat";SI;;;;
molde-mariposa-pequena1;"Molde Silicona Mariposa Pequeña - Diseño Primaveral";"Moldes de Silicona ";;;;;;;5,500.00;5,000.00;0.02;1.00;1.00;1.00;0;"Molde mariposa pequeña";;NO;NO;;"argentina, aros mariposa, buenos aires, comprar moldes argentina, comprar online argentina, dije, dijes, dijes para resina, envio argentina, llavero, llaveros, mariposa, mariposa llavero, mariposa pequena, mariposas, mariposas resina, molde acabado brillante, molde alta calidad, molde de dijes, molde de mariposa, molde duradero, molde flexible, molde manualidades, molde mariposa, molde mariposas, molde profesional, molde resina epoxi, molde reutilizable, molde silicona, molde silicona para resina, moldes para emprender, moldes para vender, moldes resina, moldes silicona argentina, primavera resina";"Molde Silicona Mariposa Pequeña";"? Molde Silicona Mariposa Pequeña de calidad pro. Silicona flexible, acabado brillante. Para llaveros, dijes y bijouterie. Envío gratis +$100K. ¡Empezá hoy!";"Advance Coat";SI;;;;
charms-con-forma-de-dije;"Charms con Forma de Dije - Decoración Variada";"Arma Tu Propia Funda  > Adornos - Charms, Extras Para Resina";Modelo;"Corazones negros";;;;;3,500.00;3,250.00;0.01;1.00;1.00;1.00;43;"5g corazones negros";;SI;NO;;"accesorios, adorno, adornos, adornos fundas, argentina, bases para dijes, buenos aires, carita, charm, charms, charms decorativos, charms kawaii, charms manualidades, charms para fundas, charms resina, comprar charms argentina, comprar online argentina, corazon, corazones, decoracion para llaveros, decorativos resina, dije, dijes, dijes artesanales, dijes para collares, dijes para emprender, dijes para resina, dijes resina epoxi, dorado, encapsular, envio argentina, estrellas, mini charms kawaii, molde dijes, rellenos resina";"Charms con Forma de Dije | Advance Coat";"? Charms con Forma de Dije decoración premium para fundas, llaveros y dijes. Envío gratis +$100K. 12 cuotas. ¡Diferenciate del mercado!";"Advance Coat";SI;;;;
charms-con-forma-de-dije;;;Modelo;"Corazones rojos";;;;;3,500.00;3,250.00;0.01;1.00;1.00;1.00;44;"5g corazones rojos";;;;;;;;;;;;;
charms-con-forma-de-dije;;;Modelo;"Corazones dorados";;;;;3,500.00;3,250.00;0.01;1.00;1.00;1.00;40;"5g corazones dorados";;;;;;;;;;;;;
llaveros-para-resina-epoxi-10-unidades;"Llaveros Para Resina Epoxi";"Extras Para Resina";"CANTIDAD ";"10 llaveos";;;;;4,000.00;3,500.00;0.02;1.00;1.00;1.00;;"10 llaveros simples";;SI;NO;;"arandela, argentina, argolla, buenos aires, como hacer llaveros, comprar online argentina, comprar resina online, donde comprar resina, envio argentina, kit llavero, llavero, llaveros, llaveros para vender, llaveros personalizados, llaveros resina, mini piton, minipiton, molde llaveros, resina advance coat, resina alta calidad, resina argentina, resina argentina envio, resina cristal, resina epoxi, resina epoxi cristal, resina manualidades argentina, resina para dijes, resina para emprender, resina para hacer accesorios, resina para llaveros, resina profesional, resina sin burbujas, resina transparente";"Llaveros Para Resina Epoxi 10 unidades | Advance Coat";"Llaveros Para Resina Epoxi. La elegida por +5000 emprendedoras. ¡Comprá ahora!";"Advance Coat";SI;;;;0.00
llaveros-para-resina-epoxi-10-unidades;;;"CANTIDAD ";"100 llaveros";;;;;40,000.00;25,000.00;0.02;1.00;1.00;1.00;;"100 llaveros simples";;;;;;;;;;;;;0.00
flecos-de-hilo-x-10-unidades;"Flecos de Hilo x 10 unidades";"Extras Para Resina";Color;Celeste;;;;;5,500.00;;0.05;1.00;1.00;1.00;6;flecoshilo;;SI;NO;;"accesorios, accesorios para emprender, accesorios resina, advance coat, argentina, bases para dijes, borla, borlas, buenos aires, comprar online argentina, dijes, envio argentina, extra, extras, extras para resina, fleco, fleco hilos, flecos, flecos gamuza, flecos hilo, flecos llaveros, herramientas profesionales, herramientas resina epoxi, hilo, hilos, insumos manualidades, molde para llaveros, pompones resina, resina para accesorios, terminaciones llaveros, utiles resina";"Flecos de Hilo x 10 unidades | Advance Coat";;"Advance Coat";SI;;;;
flecos-de-hilo-x-10-unidades;;;Color;Azul;;;;;5,500.00;;0.05;1.00;1.00;1.00;6;flecoshilo;;;;;;;;;;;;;
flecos-de-hilo-x-10-unidades;;;Color;Fucsia;;;;;5,500.00;;0.05;1.00;1.00;1.00;4;flecoshilo;;;;;;;;;;;;;
flecos-de-hilo-x-10-unidades;;;Color;Rojo;;;;;5,500.00;;0.05;1.00;1.00;1.00;5;flecoshilo;;;;;;;;;;;;;
flecos-de-hilo-x-10-unidades;;;Color;Verde;;;;;5,500.00;;0.05;1.00;1.00;1.00;9;flecoshilo;;;;;;;;;;;;;
flecos-de-hilo-x-10-unidades;;;Color;"Verde Claro";;;;;5,500.00;;0.05;1.00;1.00;1.00;10;flecoshilo;;;;;;;;;;;;;
flecos-gamuza-x-10-unidades-mismo-color;"Flecos Gamuza x 10 unidades mismo color";"Extras Para Resina";Color;Verde;;;;;5,500.00;;0.05;1.00;1.00;1.00;2;10flecosverde;;SI;NO;;"accesorios, accesorios para emprender, accesorios resina, advance coat, argentina, bases para dijes, borla, borlas, buenos aires, color, comprar online argentina, dijes, envio argentina, extra, extras, extras para resina, fleco, flecos, flecos color, flecos gamuza, flecos llaveros, gamuza, herramientas profesionales, herramientas resina epoxi, insumos manualidades, mismo color, molde para llaveros, pompones resina, resina para accesorios, terminaciones llaveros, utiles resina";"Flecos Gamuza x 10 unidades mismo color | Advance Coat";;"Advance Coat";SI;;;;
flecos-gamuza-x-10-unidades-mismo-color;;;Color;Celeste;;;;;5,500.00;;0.05;1.00;1.00;1.00;2;10flecosceleste;;;;;;;;;;;;;
flecos-gamuza-x-10-unidades-mismo-color;;;Color;Fucsia;;;;;5,500.00;;0.05;1.00;1.00;1.00;2;10flecosfucsia;;;;;;;;;;;;;
flecos-gamuza-x-10-unidades-mismo-color;;;Color;Negro;;;;;5,500.00;;0.05;1.00;1.00;1.00;19;10flecosnegro;;;;;;;;;;;;;
flecos-gamuza-x-10-unidades-mismo-color;;;Color;Azul;;;;;5,500.00;;0.05;1.00;1.00;1.00;5;10flecosazul;;;;;;;;;;;;;
flecos-gamuza-x-10-unidades-mismo-color;;;Color;"Marrón Claro";;;;;5,500.00;;0.05;1.00;1.00;1.00;2;10flecosmarronclaro;;;;;;;;;;;;;
flecos-gamuza-x-10-unidades-mismo-color;;;Color;"Verde Claro";;;;;5,500.00;;0.05;1.00;1.00;1.00;1;10flecosverde;;;;;;;;;;;;;
flecos-gamuza-x-10-unidades-mismo-color;;;Color;"Marrón ";;;;;5,500.00;;0.05;1.00;1.00;1.00;;10flecosmarron;;;;;;;;;;;;;
flecos-gamuza-x-10-unidades-mismo-color;;;Color;"Marrón ";;;;;5,500.00;;0.05;1.00;1.00;1.00;;10flecosmarron;;;;;;;;;;;;;
flecos-gamuza-x-10-unidades-mismo-color;;;Color;"Marrón ";;;;;5,500.00;;0.05;1.00;1.00;1.00;;10flecosmarron;;;;;;;;;;;;;
flecos-gamuza-x-10-unidades-mismo-color;;;Color;"Marrón ";;;;;5,500.00;;0.05;1.00;1.00;1.00;;10flecosmarron;;;;;;;;;;;;;
flecos-gamuza-x-10-unidades-mismo-color;;;Color;"Marrón ";;;;;5,500.00;;0.05;1.00;1.00;1.00;;10flecosmarron;;;;;;;;;;;;;
flecos-gamuza-x-10-unidades-mismo-color;;;Color;"Marrón ";;;;;5,500.00;;0.05;1.00;1.00;1.00;;10flecosmarron;;;;;;;;;;;;;
flecos-gamuza-x-10-unidades-mismo-color;;;Color;"Marrón ";;;;;5,500.00;;0.05;1.00;1.00;1.00;3;10flecosmarron;;;;;;;;;;;;;
flecos-gamuza-x-10-unidades-mismo-color;;;Color;"Marrón ";;;;;5,500.00;;0.05;1.00;1.00;1.00;;10flecosmarron;;;;;;;;;;;;;
flecos-gamuza-x-10-unidades-mismo-color;;;Color;"Marrón ";;;;;5,500.00;;0.05;1.00;1.00;1.00;;10flecosmarron;;;;;;;;;;;;;
flecos-gamuza-x-10-unidades-mismo-color;;;Color;"Marrón ";;;;;5,500.00;;0.05;1.00;1.00;1.00;;10flecosmarron;;;;;;;;;;;;;
flecos-gamuza-x-10-unidades-mismo-color;;;Color;"Marrón ";;;;;5,500.00;;0.05;1.00;1.00;1.00;;10flecosmarron;;;;;;;;;;;;;
flecos-gamuza-x-10-unidades-mismo-color;;;Color;"Marrón ";;;;;5,500.00;;0.05;1.00;1.00;1.00;;10flecosmarron;;;;;;;;;;;;;
flecos-gamuza-x-10-unidades-mismo-color;;;Color;"Marrón ";;;;;5,500.00;;0.05;1.00;1.00;1.00;;10flecosmarron;;;;;;;;;;;;;
flecos-gamuza-x-10-unidades-mismo-color;;;Color;"Marrón ";;;;;5,500.00;;0.05;1.00;1.00;1.00;;10flecosmarron;;;;;;;;;;;;;
flecos-gamuza-x-10-unidades-mismo-color;;;Color;"Marrón ";;;;;5,500.00;;0.05;1.00;1.00;1.00;;10flecosmarron;;;;;;;;;;;;;
flecos-gamuza-x-10-unidades-mismo-color;;;Color;"Marrón ";;;;;5,500.00;;0.05;1.00;1.00;1.00;;10flecosmarron;;;;;;;;;;;;;
flecos-gamuza-x-10-unidades-mismo-color;;;Color;"Marrón ";;;;;5,500.00;;0.05;1.00;1.00;1.00;;10flecosmarron;;;;;;;;;;;;;
flecos-gamuza-x-10-unidades-mismo-color;;;Color;"Marrón ";;;;;5,500.00;;0.05;1.00;1.00;1.00;;10flecosmarron;;;;;;;;;;;;;
flecos-gamuza-x-10-unidades-mismo-color;;;Color;"Marrón ";;;;;5,500.00;;0.05;1.00;1.00;1.00;;10flecosmarron;;;;;;;;;;;;;
flecos-gamuza-x-10-unidades-mismo-color;;;Color;"Marrón ";;;;;5,500.00;;0.05;1.00;1.00;1.00;;10flecosmarron;;;;;;;;;;;;;
flecos-gamuza-x-10-unidades-mismo-color;;;Color;"Marrón ";;;;;5,500.00;;0.05;1.00;1.00;1.00;;10flecosmarron;;;;;;;;;;;;;
flecos-gamuza-x-10-unidades-mismo-color;;;Color;"Marrón ";;;;;5,500.00;;0.05;1.00;1.00;1.00;;10flecosmarron;;;;;;;;;;;;;
flecos-gamuza-x-10-unidades-mismo-color;;;Color;"Marrón ";;;;;5,500.00;;0.05;1.00;1.00;1.00;;10flecosmarron;;;;;;;;;;;;;
flecos-gamuza-x-10-unidades-mismo-color;;;Color;"Marrón ";;;;;5,500.00;;0.05;1.00;1.00;1.00;;10flecosmarron;;;;;;;;;;;;;
flecos-gamuza-x-10-unidades-mismo-color;;;Color;Blanco;;;;;5,500.00;;0.05;1.00;1.00;1.00;10;10flecosverde;;;;;;;;;;;;;
flecos-gamuza-x-10-unidades-mismo-color;;;Color;Rojo;;;;;5,500.00;;0.05;1.00;1.00;1.00;10;10flecosverde;;;;;;;;;;;;;
molde-love;"Molde Silicona Love - Diseño Decorativo";"Moldes de Silicona ";;;;;;;9,500.00;8,000.00;0.10;1.00;1.00;5.00;0;"molde love";;NO;NO;;"amor, amor resina, argentina, buenos aires, comprar moldes argentina, comprar online argentina, encapsular, encapsular foto, envio argentina, love, love resina, luces, molde, molde acabado brillante, molde alta calidad, molde amor, molde de silicona, molde de silicona para resina, molde duradero, molde flexible, molde love, molde manualidades, molde para resina epoxi, molde profesional, molde resina epoxi, molde reutilizable, molde silicona, moldes para emprender, moldes para vender, moldes resina, moldes silicona, moldes silicona argentina, romantico resina";"Molde Silicona Love | Resina Epoxi | Advance Coat";"? Molde Silicona Love de calidad pro. Silicona flexible, acabado brillante. Para llaveros, dijes y bijouterie. Envío gratis +$100K. ¡Empezá hoy!";"Advance Coat";SI;;;;
kit-flores-secas-para-resina-epoxi;"Kit Flores Secas para Resina Epoxi";"Arma Tu Propia Funda  > Adornos - Charms, Extras Para Resina";;;;;;;9,000.00;8,000.00;0.07;1.00;1.00;2.00;96;"Flores secas";;SI;NO;;"adorno, adornos, argentina, aros flores, buenos aires, charms, combo advance coat, combo emprendedor, combo resina, combo todo incluido, comprar combo resina argentina, comprar online argentina, disecadas, encapsular foto, envio argentina, extra, extras, extras para resina, flor, flor seca, florales resina, flores, flores resina, kit completo, kit completo principiantes, kit emprendimiento, kit hobbistas, kit manualidades, kit para empezar, kit para regalar, kit principiantes, kit resina, kit resina epoxi, primavera resina, set resina epoxi";"Kit Flores Secas para Resina Epoxi | Advance Coat";;"Advance Coat";SI;;;;
combo-para-hacer-relojes-romanos;"Combo Relojes Romanos - Productos de Alto Valor Para Vender";"Combos > Combos para hacer relojes";;;;;;;37,000.00;34,500.00;0.20;5.00;5.00;1.00;0;"150g + reloj romano + 12 glitters + mecanismo";;NO;NO;;"argentina, buenos aires, cocentrado de color, combo, combo advance coat, combo emprendedor, combo resina, combo todo incluido, comprar combo resina argentina, comprar online argentina, descuento, envio argentina, kit completo principiantes, kit emprendimiento, kit hobbistas, kit manualidades, kit para empezar, kit para regalar, kit resina epoxi, letras, molde, numero, numeros, pigmento, promocion, reloj, reloj artesanal, reloj clasico, reloj decorativo, reloj pared, relojes, relojes resina, resina cristal, resina epoxi, set resina epoxi";"Combo Relojes Romanos | Advance Coat";;"Advance Coat";SI;;;;
combo-para-hacer-relojes-clasicos;"Combo Relojes Decorativos - Piezas Premium en Resina";"Combos > Combos para hacer relojes";;;;;;;37,000.00;34,500.00;0.20;5.00;5.00;1.00;0;"150g + reloj clasico + 12 glitters + mecanismo";;NO;NO;;"argentina, buenos aires, cocentrado de color, combo, combo advance coat, combo emprendedor, combo resina, combo todo incluido, comprar combo resina argentina, comprar online argentina, descuento, envio argentina, kit completo principiantes, kit emprendimiento, kit hobbistas, kit manualidades, kit para empezar, kit para regalar, kit resina epoxi, letras, molde, numero, numeros, pigmento, promocion, reloj, reloj artesanal, reloj clasico, reloj decorativo, reloj pared, relojes, relojes resina, resina cristal, resina epoxi, set resina epoxi";"Combo Relojes Decorativos | Advance Coat";;"Advance Coat";SI;;;;
combo-seminario-online;"Curso Online Resina Epoxi - Aprendé Desde Cero a Profesional";"Combos, Combos Cursos Online";;;;;;;156,000.00;148,000.00;1.10;12.00;10.00;7.00;0;"750g + resinauv + lampara + balanza + bel byn + dr rojoamarilloazul + 2 metaliz brydor + molde para compartir + lapicera + mecanismo + papel metalizado";;NO;NO;;"750, aprender resina desde cero, argentina, balanza digital, balanza para resina, bel, buenos aires, capacitacion resina, clases resina online, como hacer resina epoxi, comprar online argentina, concentrado de color, curso, curso advance coat, curso online, curso online manualidades, curso para emprender, curso resina epoxi, envio argentina, escamas, iva, ivana, lampara secado, lampara uv, mecanismo, metalizado, molde de colgante, molde de dijes, molde de gota, molde de llavero, molde de silicona, molde de silicona para resina, molde para llavero, molde para llaveros, tutorial resina";"Curso Online Resina Epoxi | Advance Coat";;"Advance Coat";SI;;;;
pack-5-pinceles;"Pack 5 Pinceles - Aplicación Detallada y Profesional";"Arma Tu Propia Funda  > Herramientas, Moldes de Silicona ";;;;;;;8,500.00;8,000.00;0.05;1.00;1.00;1.00;1;"pack 5 pinceles";;SI;NO;;"accesorios para emprender, accesorios resina, advance coat, argentina, buenos aires, comprar online argentina, envio argentina, herramientas profesionales, herramientas resina epoxi, insumos manualidades, kit, lampara uv, pack, pack 5 pinceles, pincel, pincel para resina, pincel para resina uv, pincel uv, pinceles, pinceles aplicacion, pinceles manualidades, pinceles resina, resina epoxi, resina para accesorios, resina uv, utiles resina";"Pack 5 Pinceles | Advance Coat";;"Advance Coat";SI;;;;
combo-completo-para-hacer-letras-con-resina-epoxi;"Combo Completo para hacer Letras con Resina Epoxi";"Combos > Combos para hacer llaveros";;;;;;;92,000.00;85,000.00;0.50;5.00;5.00;5.00;0;"300g + letras grande + 3 escamas + 12 glitt + pitones + 10 llaveros + perforadora electrica + balanza";;SI;NO;;"argentina, balanza, balanza + vaso, balanza digital, balanza para resina, balanza y vaso, buenos aires, combo advance coat, combo emprendedor, combo resina, combo todo incluido, comprar combo resina argentina, comprar online argentina, envio argentina, escamas, extras para resina, glitter, glitters, kit completo principiantes, kit emprendimiento, kit hobbistas, kit llavero, kit manualidades, kit para empezar, kit para regalar, kit resina epoxi, letras, letras grande, letras resina, llavero, llaveros con nombres, molde letras, nombres personalizados, palabras resina, set resina epoxi";"Combo Completo para hacer Letras con Resina Epoxi";;"Advance Coat";SI;;;;
plancha-de-donas;"Molde Plancha de Donas - Diseño Original Donas";"Moldes de Silicona ";;;;;;;6,500.00;;0.05;1.00;1.00;1.00;1;"Plancha donas";;SI;NO;;"argentina, aros donas, buenos aires, circulo, colgante, comprar moldes argentina, comprar online argentina, dona, donas, donas decorativas, donas resina, envio argentina, medio circulo, molde acabado brillante, molde alta calidad, molde de colgante, molde de dijes, molde de silicona, molde de silicona para resina, molde duradero, molde flexible, molde manualidades, molde para llavero, molde para resina epoxi, molde profesional, molde resina epoxi, molde reutilizable, molde silicona, moldes para emprender, moldes para vender, moldes resina, moldes silicona argentina, plancha, plancha donas, planchas";"Molde Plancha de Donas | Resina Epoxi | Advance Coat";"? Molde Plancha de Donas de calidad pro. Silicona flexible, acabado brillante. Para llaveros, dijes y bijouterie. Envío gratis +$100K. ¡Empezá hoy!";"Advance Coat";SI;;;;
kit-para-hacer-accesorios-aros;"Combo Aros Artesanales - Bisutería Para Emprender";"Extras Para Resina";"ELECCIÓN DE DIJES";PLATEADO;;;;;12,000.00;;0.08;1.00;2.00;1.00;30;"Accesorios plateados";;SI;NO;;"accesorios, argentina, aritos, aros, aros artesanales argentina, aros para emprender, aros resina epoxi, bijouterie, buenos aires, colgante, combo advance coat, combo emprendedor, combo resina, combo todo incluido, como hacer aros, comprar combo resina argentina, comprar online argentina, dije, dijes, dijes de metal, dijes para resina, envio argentina, kit accesorios, kit completo, kit completo principiantes, kit emprendimiento, kit hobbistas, kit manualidades, kit para empezar, kit para regalar, kit principiantes, kit resina, kit resina epoxi, molde para aros, set resina epoxi";"Combo Aros Artesanales | Advance Coat";;"Advance Coat";SI;;;;
kit-para-hacer-accesorios-aros;;;"ELECCIÓN DE DIJES";DORADO;;;;;12,000.00;;0.08;1.00;2.00;1.00;43;"Accesorios Dorados";;;;;;;;;;;;;
plancha-media-esfera-pequena-para-anillos;"Molde Plancha Media Esfera Pequeña Para Anillos";"Moldes de Silicona ";;;;;;;7,000.00;;0.10;1.00;1.00;1.00;0;"media esferas pequeñas";;NO;NO;;"anillos artesanales, anillos resina, argentina, bases anillos, bisuteria anillos, bola decorativa, buenos aires, comprar moldes argentina, comprar online argentina, envio argentina, esfera, esfera resina, esfera vidrio, molde acabado brillante, molde alta calidad, molde de anillo, molde de dije, molde duradero, molde flexible, molde llavero, molde manualidades, molde para llaveros, molde profesional, molde resina epoxi, molde reutilizable, molde silicona, molde silicona para resina, moldes para emprender, moldes para vender, moldes resina, moldes silicona argentina, perla, resina para anillos";"Molde Plancha Media Esfera Pequeña Para Anillos";"? Molde Plancha Media Esfera Pequeña Para Anillos de calidad pro. Silicona flexible, acabado brillante. Para llaveros, dijes y bijouterie. Envío gratis +$100...";"Advance Coat";SI;;;;
mini-pistola-de-calor;"Mini Pistola de Calor - Acabado Perfecto Sin Burbujas";"Arma Tu Propia Funda  > Herramientas, Extras Para Resina";;;;;;;22,500.00;21,000.00;0.15;5.00;5.00;5.00;95;"Pistola de calor";;SI;NO;;"accesorios para emprender, accesorios resina, advance coat, argentina, bijouterie mini, buenos aires, comprar online argentina, envio argentina, extras para resina, generador de olas en resina, herramientas profesionales, herramientas resina epoxi, insumos manualidades, mini resina, miniaturas resina, pistola de aire caliente, pistola de calor, soplete para resina, utiles resina";"Mini Pistola de Calor | Advance Coat";;"Advance Coat";SI;;;;
kit-papel-metalizado-dorado-y-plateado;"Kit Papel Metalizado Dorado y Plateado";"Arma Tu Propia Funda  > Adornos - Charms, Extras Para Resina";;;;;;;7,500.00;;0.14;1.00;1.00;1.00;92;"papel metalizado x8";;SI;NO;;"8 metalizados, adorno, adornos, argentina, buenos aires, charms, combo advance coat, combo emprendedor, combo resina, combo todo incluido, comprar combo resina argentina, comprar online argentina, dorado, efecto oro, efecto plata, envio argentina, extra, extras, extras para resina, funda, fundas, kit completo, kit completo principiantes, kit emprendimiento, kit hobbistas, kit manualidades, kit para empezar, kit para regalar, kit principiantes, kit resina, kit resina epoxi, metalizado, metalizado resina, pigmento metalico, set resina epoxi";"Kit Papel Metalizado Dorado y Plateado | Advance Coat";;"Advance Coat";SI;;;;
resina-uv-lampara-de-secado-rapido;"Lámpara UV LED 6W - Secado Rápido Profesional";"Combos > Combos iniciales, Combos > Combos para hacer llaveros, Combos > Combos para hacer dijes, Combos > Combos de herramientas, Combos > Otros combos, Resinas Epoxi > Resina UV, Extras Para Resina, Arma Tu Propia Funda  > Resinas Epoxi Para Fundas";;;;;;;13,500.00;12,000.00;0.20;1.00;1.00;4.00;20;"Lampara chica";;SI;NO;;"accesorios para emprender, accesorios resina, advance coat, argentina, buenos aires, comprar online argentina, envio argentina, herramientas profesionales, herramientas resina epoxi, insumos manualidades, lampara, lampara led resina, lampara secado, lampara uv, rapido, resina con lampara, resina epoxi, resina para accesorios, resina para anillos, resina para mesas, resina rapida, resina secado rapido, resina uv, secado, secado rapido, utiles resina";"Lámpara UV LED 60W | Advance Coat";;"Advance Coat";SI;;;;
resina-uv;"Resina UV de Secado Rápido - Acabado Cristal Premium";"Resinas Epoxi > Resina UV, Arma Tu Propia Funda  > Resinas Epoxi Para Fundas";;;;;;;22,500.00;18,500.00;0.15;1.00;1.00;4.00;470;"resina uv";;SI;NO;;"advance coat, argentina, buenos aires, comprar online argentina, comprar resina online, donde comprar resina, envio argentina, lampara, resina advance coat, resina alta calidad, resina argentina, resina argentina envio, resina con lampara, resina cristal, resina epoxi, resina epoxi cristal, resina manualidades argentina, resina para accesorios, resina para anillos, resina para dijes, resina para emprender, resina para hacer accesorios, resina para llaveros, resina para mesas, resina profesional, resina rapida, resina secado rapido, resina sin burbujas, resina transparente, resina uv, secado rapido";"Resina UV de Secado Rápido | Calidad Pro | Advance Coat";"? Resina UV de Secado Rápido cristal sin burbujas. La elegida por +5000 emprendedoras. Envío gratis +$100K. 12 cuotas sin interés. ¡Comprá ahora!";"Advance Coat";SI;;;;
molde-para-hacer-marcos;"Molde Silicona para hacer Marcos - Para Dijes Artesanales";"Moldes de Silicona ";;;;;;;5,500.00;5,000.00;0.03;1.00;1.00;2.00;0;"Molde varios marcos";;NO;NO;;"argentina, buenos aires, comprar moldes argentina, comprar online argentina, cuadro, cuadros, encapsular, encapsular foto, enmarcar, envio argentina, espejo, espejos, foto, fotos, marco, marcos, mini marcos, molde, molde acabado brillante, molde alta calidad, molde de silicona, molde duradero, molde flexible, molde manualidades, molde profesional, molde resina epoxi, molde reutilizable, molde silicona, moldes para emprender, moldes para vender, moldes resina, moldes silicona argentina, silicona";"Molde Silicona para hacer Marcos";"? Molde Silicona para hacer Marcos de calidad pro. Silicona flexible, acabado brillante. Para llaveros, dijes y bijouterie. Envío gratis +$100K. ¡Empezá hoy!";"Advance Coat";SI;;;;
flecos-gamuza-x-10-unidades;"Flecos Gamuza x 10 unidades";"Extras Para Resina";"CANTIDAD ";"10 flecos";;;;;5,500.00;;0.05;1.00;1.00;1.00;89;"10 flecos dorados";;SI;NO;;"accesorios, accesorios para emprender, accesorios resina, advance coat, argentina, bases para dijes, borla, borlas, buenos aires, comprar online argentina, dijes, envio argentina, extra, extras, extras para resina, fleco, flecos, flecos gamuza, flecos llaveros, gamuza, herramientas profesionales, herramientas resina epoxi, insumos manualidades, molde para llaveros, pompones resina, resina para accesorios, terminaciones llaveros, utiles resina";"Flecos Gamuza x 10 unidades | Advance Coat";;"Advance Coat";SI;;;;
flecos-gamuza-x-10-unidades;;;"CANTIDAD ";"100 flecos";;;;;55,000.00;25,000.00;0.10;1.00;1.00;1.00;9;"100 flecos dorados";;;;;;;;;;;;;
plancha-media-esfera-para-llaveros;"Molde Plancha Media Esfera Para Llaveros";"Moldes de Silicona ";;;;;;;7,000.00;;0.10;1.00;1.00;1.00;3;"media esferas";;SI;NO;;"argentina, bola decorativa, buenos aires, como hacer llaveros, comprar moldes argentina, comprar online argentina, envio argentina, esfera resina, esfera vidrio, llaveros para vender, llaveros personalizados, llaveros resina, media esfera, molde acabado brillante, molde alta calidad, molde de anillo, molde de dije, molde de esfera, molde duradero, molde flexible, molde llavero, molde llaveros, molde manualidades, molde para llaveros, molde profesional, molde resina epoxi, molde reutilizable, molde silicona, molde silicona para resina, moldes para emprender, moldes para vender, moldes resina, moldes silicona, moldes silicona argentina, silicona";"Molde Plancha Media Esfera Para Llaveros";"? Molde Plancha Media Esfera Para Llaveros de calidad pro. Silicona flexible, acabado brillante. Para llaveros, dijes y bijouterie. Envío gratis +$100K. ¡Emp...";"Advance Coat";SI;;;;
plancha-de-lunas;"Molde Plancha de Lunas - Para Dijes Artesanales";"Moldes de Silicona ";;;;;;;7,000.00;6,500.00;0.10;1.00;1.00;1.00;0;"plancha lunas";;NO;NO;;"argentina, buenos aires, chapita, comprar moldes argentina, comprar online argentina, dije, dijes, envio argentina, estrella, estrellas, llaveros, luna, molde acabado brillante, molde alta calidad, molde de dijes, molde dijes, molde duradero, molde flexible, molde llavero, molde manualidades, molde para llaveros, molde para resina, molde profesional, molde resina epoxi, molde reutilizable, molde silicona, molde silicona para resina, molde silicona para resina epoxi, moldes para emprender, moldes para vender, moldes resina, moldes silicona, moldes silicona argentina";"Molde Plancha de Lunas | Resina Epoxi | Advance Coat";"? Molde Plancha de Lunas de calidad pro. Silicona flexible, acabado brillante. Para llaveros, dijes y bijouterie. Envío gratis +$100K. ¡Empezá hoy!";"Advance Coat";SI;;;;
plancha-de-estrellas;"Molde Plancha de Estrellas - Para Dijes Artesanales";"Moldes de Silicona ";;;;;;;6,500.00;;0.10;1.00;1.00;1.00;0;"plancha estrellas";;NO;NO;;"argentina, buenos aires, chapita, comprar moldes argentina, comprar online argentina, dije, dijes, envio argentina, estrella, estrellas, llaveros, molde acabado brillante, molde alta calidad, molde de dijes, molde dijes, molde duradero, molde flexible, molde llavero, molde manualidades, molde para llaveros, molde para resina, molde profesional, molde resina epoxi, molde reutilizable, molde silicona, molde silicona para resina, molde silicona para resina epoxi, moldes para emprender, moldes para vender, moldes resina, moldes silicona, moldes silicona argentina";"Molde Plancha de Estrellas | Resina Epoxi | Advance Coat";"? Molde Plancha de Estrellas de calidad pro. Silicona flexible, acabado brillante. Para llaveros, dijes y bijouterie. Envío gratis +$100K. ¡Empezá hoy!";"Advance Coat";SI;;;;
combo-para-hacer-formas-navidenas1;"Combo Formas Navideñas - Pack Completo Edición Navidad";"Combos > Combos iniciales, Combos > Combos para hacer dijes";;;;;;;30,500.00;;0.35;1.00;1.00;1.00;5;"150g + molde formas navideñas + 3 escamas + pitones + 10 llaveros";;SI;NO;;"adornos navidenos, arbol navidad, argentina, buenos aires, combo, combo advance coat, combo emprendedor, combo resina, combo todo incluido, comprar combo resina argentina, comprar online argentina, copo de nieve, decoracion navidad, dulce, envio argentina, estrellas, formas navidad, formas navidenas, galletas, galletitas, kit completo principiantes, kit emprendimiento, kit hobbistas, kit manualidades, kit para empezar, kit para regalar, kit resina epoxi, letras, letras chicas, llavero, llaveros, molde, navidad resina, regalos navidad, set resina epoxi";"Combo Formas Navideñas | Advance Coat";;"Advance Coat";SI;;;;
combo-para-hacer-formas-navidenas;"Combo Formas Navideñas - Pack Completo Edición Navidad";"Combos > Combos iniciales, Combos > Combos para hacer dijes";;;;;;;19,000.00;15,200.00;0.20;1.00;1.00;1.00;10;"copo de nieve grande + copo de nieve mediano + copos de nieve triple";;SI;NO;;"adornos navidenos, arbol navidad, argentina, buenos aires, combo, combo advance coat, combo emprendedor, combo resina, combo todo incluido, comprar combo resina argentina, comprar online argentina, copo de nieve, decoracion navidad, dulce, envio argentina, estrellas, formas navidad, formas navidenas, galletas, galletitas, kit completo principiantes, kit emprendimiento, kit hobbistas, kit manualidades, kit para empezar, kit para regalar, kit resina epoxi, letras, letras chicas, llavero, llaveros, molde, navidad resina, regalos navidad, set resina epoxi";"Combo Formas Navideñas | Advance Coat";;"Advance Coat";SI;;;;
combo-para-hacer-copos-de-nieve-para-arbol-navideno;"Combo Copos de Nieve para Árbol - Adornos Navideños";"Combos > Combos iniciales, Combos > Combos para hacer dijes";;;;;;;30,000.00;27,500.00;0.20;1.00;1.00;1.00;0;"150g + copo de nieve grande + copo de nieve mediano + 3 escamas";;NO;NO;;"adornos arbol navidad, adornos navidenos, arbol navidad, argentina, buenos aires, combo, combo advance coat, combo emprendedor, combo resina, combo todo incluido, comprar combo resina argentina, comprar online argentina, copo de nieve, copos nieve, decoracion navidad, dije, dijes, envio argentina, escamas, extra, extras, extras para resina, formas navidad, formas navidenas, kit completo principiantes, kit emprendimiento, kit hobbistas, kit manualidades, kit para empezar, kit para regalar, kit resina epoxi, llaveros, navidad resina, regalos navidad, set resina epoxi";"Combo Copos de Nieve para Árbol | Advance Coat";;"Advance Coat";SI;;;;
combo-para-hacer-copos-de-nieve-navidenos;"Combo Copos de Nieve Navideños - Adornos Únicos";"Combos > Combos iniciales, Combos > Combos para hacer dijes";;;;;;;25,250.00;22,000.00;0.20;1.00;1.00;1.00;0;"150g + copo de nieve triple + 3 escamas";;NO;NO;;"adornos navidenos, arbol navidad, argentina, buenos aires, combo, combo advance coat, combo emprendedor, combo resina, combo todo incluido, comprar combo resina argentina, comprar online argentina, copo de nieve, copo de nieve triple, copos nieve, decoracion navidad, dije, dijes, envio argentina, escamas, extra, extras, extras para resina, formas navidad, formas navidenas, kit completo principiantes, kit emprendimiento, kit hobbistas, kit manualidades, kit para empezar, kit para regalar, kit resina epoxi, llaveros, navidad resina, regalos navidad, set resina epoxi";"Combo Copos de Nieve Navideños | Advance Coat";;"Advance Coat";SI;;;;
combo-para-hacer-mariposas;"Combo Mariposas en Resina - Diseños Primaverales Únicos";"Combos > Combos iniciales, Combos > Combos para hacer dijes";;;;;;;28,000.00;26,000.00;0.20;1.00;1.00;1.00;0;"150g + molde mariposas + 3 escamas + 10 llaveros";;NO;NO;;"argentina, aros mariposa, buenos aires, combo, combo advance coat, combo emprendedor, combo resina, combo todo incluido, comprar combo resina argentina, comprar online argentina, dije, dijes, envio argentina, kit completo principiantes, kit emprendimiento, kit hobbistas, kit manualidades, kit para empezar, kit para regalar, kit resina epoxi, llaveros, mariposa, mariposa llavero, mariposas, mariposas resina, molde, molde de dijes, moldes silicona, primavera resina, resina epoxi, set resina epoxi, silicona";"Combo Mariposas en Resina | Advance Coat";;"Advance Coat";SI;;;;
luces-multicolor-para-resina-epoxi;"Luces Multicolor para Resina Epoxi";"Extras Para Resina";;;;;;;5,500.00;4,500.00;0.03;1.00;1.00;1.00;0;"luces led";;NO;NO;;"alambre, argentina, buenos aires, color, comprar online argentina, comprar resina online, donde comprar resina, envio argentina, extras para resina, led, luces, luces led, luz, resina advance coat, resina alta calidad, resina argentina, resina argentina envio, resina cristal, resina epoxi, resina epoxi cristal, resina manualidades argentina, resina para dijes, resina para emprender, resina para hacer accesorios, resina para llaveros, resina profesional, resina sin burbujas, resina transparente";"Luces Multicolor para Resina Epoxi | Advance Coat";"? Luces Multicolor para Resina Epoxi cristal sin burbujas. La elegida por +5000 emprendedoras. Envío gratis +$100K. 12 cuotas sin interés. ¡Comprá ahora!";"Advance Coat";SI;;;;
molde-bandeja-ovalada-grande;"Molde Silicona Bandeja Ovalada Grande - para Bandejas Decorativas";"Moldes de Silicona ";;;;;;;15,500.00;13,000.00;0.08;1.00;1.00;5.00;47;"bandeja ovalada grande";;SI;NO;;"apoya vasos resina, argentina, bandeja, bandeja artesanal, bandeja decorativa, bandeja resina, bandejita ovalada, buenos aires, comprar moldes argentina, comprar online argentina, envio argentina, jabonera, molde acabado brillante, molde alta calidad, molde duradero, molde flexible, molde manualidades, molde profesional, molde resina epoxi, molde reutilizable, molde silicona, molde silicona para resina, molde silicona para resina epoxi, moldes para emprender, moldes para vender, moldes resina, moldes silicona, moldes silicona argentina, ovalada, silicona";"Molde Silicona Bandeja Ovalada Grande";"? Molde Silicona Bandeja Ovalada Grande de calidad pro. Silicona flexible, acabado brillante. Para llaveros, dijes y bijouterie. Envío gratis +$100K. ¡Empezá...";"Advance Coat";SI;;;;
molde-esfera-5-cm;"Molde Silicona Esfera 5 cm - Diseño Geométrico";"Moldes de Silicona ";;;;;;;6,500.00;;0.05;1.00;1.00;1.00;0;esfera;;NO;NO;;"argentina, bases para dijes, bola decorativa, buenos aires, circulo, collares, comprar moldes argentina, comprar online argentina, diamantes, dije, envio argentina, esfera, esfera resina, esfera vidrio, formas, molde acabado brillante, molde alta calidad, molde de dije, molde de esfera, molde duradero, molde flexible, molde llavero, molde manualidades, molde para llaveros, molde profesional, molde resina epoxi, molde reutilizable, molde silicona, molde silicona para resina, molde silicona para resina epoxi, moldes para emprender, moldes para vender, moldes resina, moldes silicona, moldes silicona argentina";"Molde Silicona Esfera 5 cm | Resina Epoxi | Advance Coat";"? Molde Silicona Esfera 5 cm de calidad pro. Silicona flexible, acabado brillante. Para llaveros, dijes y bijouterie. Envío gratis +$100K. ¡Empezá hoy!";"Advance Coat";SI;;;;
molde-copo-de-nieve-grande;"Molde Silicona Copo de Nieve Grande - Edición Navideña";"Moldes de Silicona ";;;;;;;7,000.00;6,500.00;0.05;1.00;1.00;1.00;9;"copo de nieve grande";;SI;NO;;"adornos navidenos, arbol, arbol navidad, argentina, base, buenos aires, comprar moldes argentina, comprar online argentina, copo de nieve, copos nieve, envio argentina, esfera, formas, formas navidenas, foto, fotos, molde acabado brillante, molde alta calidad, molde duradero, molde flexible, molde manualidades, molde para llaveros, molde profesional, molde resina epoxi, molde reutilizable, molde silicona, molde silicona para resina, molde silicona para resina epoxi, moldes para emprender, moldes para vender, moldes resina, moldes silicona, moldes silicona argentina, navidad, navidad resina";"Molde Silicona Copo de Nieve Grande";"? Molde Silicona Copo de Nieve Grande de calidad pro. Silicona flexible, acabado brillante. Para llaveros, dijes y bijouterie. Envío gratis +$100K. ¡Empezá hoy!";"Advance Coat";SI;;;;
molde-copo-de-nieve-mediano;"Molde Silicona Copo de Nieve Mediano - Edición Navideña";"Moldes de Silicona ";;;;;;;6,500.00;6,000.00;0.05;1.00;1.00;1.00;1;"copo de nieve mediano";;SI;NO;;"adornos navidenos, arbol, arbol navidad, argentina, base, buenos aires, comprar moldes argentina, comprar online argentina, copo de nieve, copos nieve, envio argentina, esfera, formas, formas navidenas, foto, fotos, molde acabado brillante, molde alta calidad, molde duradero, molde flexible, molde manualidades, molde para llaveros, molde profesional, molde resina epoxi, molde reutilizable, molde silicona, molde silicona para resina, molde silicona para resina epoxi, moldes para emprender, moldes para vender, moldes resina, moldes silicona, moldes silicona argentina, navidad, navidad resina";"Molde Silicona Copo de Nieve Mediano";"? Molde Silicona Copo de Nieve Mediano de calidad pro. Silicona flexible, acabado brillante. Para llaveros, dijes y bijouterie. Envío gratis +$100K. ¡Empezá ...";"Advance Coat";SI;;;;
molde-peine;"Molde Silicona Peine - Accesorio Original en Resina";"Moldes de Silicona ";;;;;;;6,500.00;;0.10;1.00;1.00;1.00;0;"molde peine";;NO;NO;;"argentina, buenos aires, comprar moldes argentina, comprar online argentina, envio argentina, molde acabado brillante, molde alta calidad, molde duradero, molde flexible, molde manualidades, molde peine, molde profesional, molde resina epoxi, molde reutilizable, molde silicona, molde silicona para resina, molde silicona para resina epoxi, moldes para emprender, moldes para vender, moldes resina, moldes silicona, moldes silicona argentina, peine, silicona";"Molde Silicona Peine | Resina Epoxi | Advance Coat";"? Molde Silicona Peine de calidad pro. Silicona flexible, acabado brillante. Para llaveros, dijes y bijouterie. Envío gratis +$100K. ¡Empezá hoy!";"Advance Coat";SI;;;;
llaveros-argollas-para-resina-epoxi-10-unidades-dorados;"Llaveros Argollas Para Resina Epoxi 10 unidades Dorados";"Extras Para Resina";;;;;;;4,000.00;;0.02;1.00;1.00;1.00;14;"10 llaveros dorados";;SI;NO;;"arandela, argentina, argolla, argollas llavero, aros llaveros, buenos aires, como hacer llaveros, comprar online argentina, comprar resina online, donde comprar resina, dorado, enganches llaveros, envio argentina, kit llavero, llavero, llaveros, llaveros para vender, llaveros personalizados, llaveros resina, molde llaveros, resina advance coat, resina alta calidad, resina argentina, resina argentina envio, resina cristal, resina epoxi, resina epoxi cristal, resina manualidades argentina, resina para dijes, resina para emprender, resina para hacer accesorios, resina para llaveros, resina profesional, resina sin burbujas, resina transparente";"Llaveros Argollas Para Resina Epoxi 10 unidades Dorados";"? Llaveros Argollas Para Resina Epoxi 10 unidades Dorados cristal sin burbujas. La elegida por +5000 emprendedoras. Envío gratis +$100K. 12 cuotas sin interé...";"Advance Coat";SI;;;;
molde-6-patitas;"Molde Silicona 6 Patitas - para Amantes de Mascotas";"Moldes de Silicona ";;;;;;;6,000.00;;0.08;1.00;1.00;1.00;0;"molde 6 patitas";;NO;NO;;"6 patitas, argentina, brillante, buenos aires, comprar moldes argentina, comprar online argentina, dije de patita, envio argentina, formas, garra, huellitas resina, mascotas resina, molde acabado brillante, molde alta calidad, molde de patitas, molde de perrito, molde de perro, molde duradero, molde flexible, molde garra, molde manualidades, molde para llaveros, molde patitas, molde perrito, molde perro, molde profesional, molde resina epoxi, molde reutilizable, molde silicona, molde silicona para resina, moldes para emprender, moldes para vender, moldes resina, moldes silicona argentina, patitas resina";"Molde Silicona 6 Patitas | Resina Epoxi | Advance Coat";"? Molde Silicona 6 Patitas de calidad pro. Silicona flexible, acabado brillante. Para llaveros, dijes y bijouterie. Envío gratis +$100K. ¡Empezá hoy!";"Advance Coat";SI;;;;
molde-copo-de-nieve-triple;"Molde Silicona Copo de Nieve Triple - Edición Navideña";"Moldes de Silicona ";;;;;;;7,000.00;6,500.00;0.08;1.00;1.00;1.00;0;"copo de nieve triple";;NO;NO;;"adornos navidenos, arbol, arbol navidad, argentina, base, buenos aires, comprar moldes argentina, comprar online argentina, copo de nieve, copos nieve, envio argentina, esfera, formas, formas navidenas, foto, fotos, molde acabado brillante, molde alta calidad, molde duradero, molde flexible, molde manualidades, molde para llaveros, molde profesional, molde resina epoxi, molde reutilizable, molde silicona, molde silicona para resina, molde silicona para resina epoxi, moldes para emprender, moldes para vender, moldes resina, moldes silicona, moldes silicona argentina, navidad, navidad resina";"Molde Silicona Copo de Nieve Triple";"? Molde Silicona Copo de Nieve Triple de calidad pro. Silicona flexible, acabado brillante. Para llaveros, dijes y bijouterie. Envío gratis +$100K. ¡Empezá hoy!";"Advance Coat";SI;;;;
molde-arbol-de-navidad;"Molde Silicona Árbol de Navidad - Edición Navideña";"Moldes de Silicona ";;;;;;;16,000.00;14,000.00;0.08;1.00;1.00;5.00;0;"arbol navidad";;NO;NO;;"adornos arbol navidad, adornos navidenos, arbol, arbol navidad, argentina, base, buenos aires, comprar moldes argentina, comprar online argentina, decoracion navidad, envio argentina, formas, formas navidenas, foto, fotos, molde acabado brillante, molde alta calidad, molde duradero, molde flexible, molde manualidades, molde para llaveros, molde profesional, molde resina epoxi, molde reutilizable, molde silicona, molde silicona para resina, molde silicona para resina epoxi, moldes para emprender, moldes para vender, moldes resina, moldes silicona, moldes silicona argentina, navidad, navidad resina, regalos navidad";"Molde Silicona Árbol de Navidad";"? Molde Silicona Árbol de Navidad de calidad pro. Silicona flexible, acabado brillante. Para llaveros, dijes y bijouterie. Envío gratis +$100K. ¡Empezá hoy!";"Advance Coat";SI;;;;
molde-formas-navidenas;"Molde Silicona Formas Navideñas - Edición Navideña";"Moldes de Silicona ";;;;;;;8,000.00;7,500.00;0.05;1.00;1.00;5.00;11;"formas navideñas";;SI;NO;;"adornos navidenos, arbol navidad, argentina, buenos aires, comprar moldes argentina, comprar online argentina, copo, copo de nieve, decoracion navidad, envio argentina, formas, formas navidenas, galletas, galletitas, molde acabado brillante, molde alta calidad, molde duradero, molde flexible, molde llavero, molde manualidades, molde para llaveros, molde profesional, molde resina epoxi, molde reutilizable, molde silicona, molde silicona para resina, molde silicona para resina epoxi, moldes para emprender, moldes para vender, moldes resina, moldes silicona, moldes silicona argentina, navidad, navidad resina, regalos navidad";"Molde Silicona Formas Navideñas";"? Molde Silicona Formas Navideñas de calidad pro. Silicona flexible, acabado brillante. Para llaveros, dijes y bijouterie. Envío gratis +$100K. ¡Empezá hoy!";"Advance Coat";SI;;;;
glitters-pasteles-con-formas-para-resina-epoxi;"Glitters Pasteles con Formas - Tonos Suaves Para Resina";"Arma Tu Propia Funda  > Adornos - Charms, Extras Para Resina";Modelo;Letras;;;;;3,500.00;3,250.00;0.02;1.00;0.50;1.00;71;;;SI;NO;;"adorno, adornos, agregados para resina, argentina, brillantina resina, brillantina resina epoxi, buenos aires, charms, color, colores, comprar online argentina, corazon, corazones, decoracion brillante, decoraciones, envio argentina, escamas, escarcha resina, estrellas, extra, extras, extras para resina, funda, fundas, gilbre, glitter, glitter llaveros, glitter manualidades, glitter para llaveros, glitter resina, glitter tornasol, kit llavero, letras, letritas, purpurina resina";"Glitters Pasteles con Formas | Advance Coat";"? Glitters Pasteles con Formas: brillo profesional para resina. Pocas dosis, máximo efecto. Envío gratis +$100K. ¡Sumá magia a tus piezas!";"Advance Coat";SI;;;;
glitters-pasteles-con-formas-para-resina-epoxi;;;Modelo;Corazones;;;;;3,500.00;3,250.00;0.02;1.00;0.50;1.00;52;;;;;;;;;;;;;;
glitters-pasteles-con-formas-para-resina-epoxi;;;Modelo;Estrellas;;;;;3,500.00;3,250.00;0.02;1.00;0.50;1.00;37;;;;;;;;;;;;;;
glitters-pasteles-con-formas-para-resina-epoxi;;;Modelo;Ositos;;;;;3,500.00;3,250.00;0.02;1.00;0.50;1.00;73;;;;;;;;;;;;;;
glitters-pasteles-con-formas-para-resina-epoxi;;;Modelo;Caritas;;;;;3,500.00;3,250.00;0.02;1.00;0.50;1.00;33;;;;;;;;;;;;;;
glitters-pasteles-con-formas-para-resina-epoxi;;;Modelo;Mariposas;;;;;3,500.00;3,250.00;0.02;1.00;0.50;1.00;10;;;;;;;;;;;;;;
pinza-de-precision;"Pinza de Precisión - Trabajo Detallado en Resina";"Arma Tu Propia Funda  > Herramientas, Extras Para Resina";;;;;;;7,000.00;6,000.00;0.04;1.00;1.00;1.00;94;pinzas;;SI;NO;;"accesorios para emprender, accesorios resina, adorno, adornos, advance coat, agarrar, agarre, argentina, buenos aires, charms, colocador, colocar, comprar online argentina, elementos, envio argentina, extras para resina, flores, funda, fundas, glitter, herramientas profesionales, herramientas resina epoxi, insumos manualidades, molde pinzas, pinza, pinza manualidades, pinza precision, pinzas, pinzas resina, resina para accesorios, taladro electrico, utiles resina";"Pinza de Precisión | Advance Coat";;"Advance Coat";SI;;;;
glitter-de-goma-con-formas-para-resina-epoxi;"Glitter Goma con Formas - Decoración Premium Para Resina";"Arma Tu Propia Funda  > Adornos - Charms, Extras Para Resina";Modelo;Frutas;;;;;3,500.00;3,250.00;0.02;1.00;0.50;1.00;3;;;SI;NO;;"adorno, adornos, agregados para resina, argentina, brillantina resina, brillantina resina epoxi, buenos aires, charms, comprar online argentina, corazones, decoracion brillante, decoraciones, envio argentina, escamas, escarcha resina, estrellas, extra, extras, extras para resina, funda, fundas, gilbre, glitter, glitter llaveros, glitter manualidades, glitter para llaveros, glitter resina, glitter tornasol, kit llavero, letras, letritas, purpurina resina";"Glitter Goma con Formas | Advance Coat";"? Glitter Goma con Formas: brillo profesional para resina. Pocas dosis, máximo efecto. Envío gratis +$100K. ¡Sumá magia a tus piezas!";"Advance Coat";SI;;;;
glitter-de-goma-con-formas-para-resina-epoxi;;;Modelo;Flores;;;;;3,500.00;3,250.00;0.02;1.00;0.50;1.00;17;;;;;;;;;;;;;;
glitter-de-goma-con-formas-para-resina-epoxi;;;Modelo;Animales;;;;;3,500.00;3,250.00;0.02;1.00;0.50;1.00;18;;;;;;;;;;;;;;
combo-para-hacer-llaveros-de-letras;"Combo Llaveros con Letras - Crea Nombres Personalizados";"Combos > Combos iniciales, Combos > Combos para hacer dijes";;;;;;;45,000.00;38,500.00;0.35;1.00;1.00;1.00;4;"150g + letras chicas + 3 escamas + 3 glitter + 10 llaveros";;SI;NO;;"argentina, buenos aires, combo, combo advance coat, combo emprendedor, combo resina, combo todo incluido, como hacer llaveros, comprar combo resina argentina, comprar online argentina, envio argentina, kit completo principiantes, kit emprendimiento, kit hobbistas, kit manualidades, kit para empezar, kit para regalar, kit resina epoxi, letras, letras chicas, letras resina, llavero, llaveros, llaveros con nombres, llaveros para vender, llaveros personalizados, llaveros resina, molde, molde de letras, molde letras, molde llavero, molde llaveros, nombres personalizados, palabras resina, set resina epoxi";"Combo Llaveros con Letras | Advance Coat";;"Advance Coat";SI;;;;
curso-presecial-resina-epoxi-sena;"Curso Presecial Resina Epoxi (SEÑA)";"Cursos de Resina Epoxi";"Fecha ";"Jueves 24 de Octubre 11 a 14:30 hs";;;;;45,000.00;8,000.00;0.00;0.00;0.00;0.00;5;cursopresencial;;NO;NO;;"aprender resina, aprender resina desde cero, argentina, buenos aires, capacitacion resina, clases, clases resina, clases resina online, como hacer resina epoxi, comprar online argentina, curso, curso advance coat, curso de resina, curso inicial, curso online, curso online manualidades, curso para emprender, curso resina epoxi, curso resina online, envio argentina, taller, taller online, tutorial resina";"Curso Presecial Resina Epoxi (SEÑA) | Advance Coat";;"Advance Coat";NO;;;;
curso-presecial-resina-epoxi-sena;;;"Fecha ";"Viernes 1 de Noviembre 16 a 19:30 hs";;;;;45,000.00;8,000.00;0.00;0.00;0.00;0.00;5;cursopresencial;;;;;;;;;;;;;
plancha-de-dijes-mascota;"Molde Plancha de Dijes Mascota - Para Dijes Artesanales";"Moldes de Silicona ";;;;;;;8,000.00;7,500.00;0.10;7.50;13.00;0.80;9;"plancha dijes mascota";;SI;NO;;"amantes mascotas, animales, argentina, buenos aires, chapa de perro, chapita, chapita de hueso, chapita mascota, chapita mascotas, chapita triple, comprar moldes argentina, comprar online argentina, dije mascota, dijes artesanales, dijes mascota, dijes para collares, dijes para emprender, dijes resina epoxi, envio argentina, mascotas resina, molde acabado brillante, molde alta calidad, molde dijes, molde duradero, molde flexible, molde manualidades, molde profesional, molde resina epoxi, molde reutilizable, molde silicona, moldes para emprender, moldes para vender, moldes resina, moldes silicona argentina, productos petshop";"Molde Plancha de Dijes Mascota | Resina Epoxi | Advance Coat";"? Molde Plancha de Dijes Mascota de calidad pro. Silicona flexible, acabado brillante. Para llaveros, dijes y bijouterie. Envío gratis +$100K. ¡Empezá hoy!";"Advance Coat";SI;;;;
molde-reloj-romano1;"Molde Silicona Reloj Romano - para Relojes de Diseño";"Moldes de Silicona ";;;;;;;7,500.00;;0.05;5.00;1.00;1.00;0;"reloj romano";;NO;NO;;"argentina, buenos aires, comprar moldes argentina, comprar online argentina, envio argentina, hora, molde acabado brillante, molde alta calidad, molde de reloj, molde duradero, molde flexible, molde manualidades, molde profesional, molde reloj, molde resina epoxi, molde reutilizable, molde silicona, molde silicona para resina, molde silicona para resina epoxi, moldes para emprender, moldes para vender, moldes resina, moldes silicona, moldes silicona argentina, numero, numeros, numeros romanos, reloj, reloj artesanal, reloj decorativo, reloj hora, reloj pared, reloj romano, reloj silicona, relojes resina";"Molde Silicona Reloj Romano | Resina Epoxi | Advance Coat";"? Molde Silicona Reloj Romano de calidad pro. Silicona flexible, acabado brillante. Para llaveros, dijes y bijouterie. Envío gratis +$100K. ¡Empezá hoy!";"Advance Coat";SI;;;;
combo-completo-de-herramientas-para-resina-epoxi;"Combo Completo Herramientas - Equipá Tu Taller Profesional";"Combos > Combos de herramientas, Arma Tu Propia Funda  > Herramientas, Extras Para Resina";;;;;;;55,000.00;50,000.00;0.40;5.00;5.00;5.00;89;"balanza + soplete + perforadora electrica + vaso+ rebarbador + pitones + 10 llaveros";;SI;NO;;"argentina, balanza, balanza + vaso, balanza digital, balanza para resina, balanza y vaso, buenos aires, combo advance coat, combo emprendedor, combo resina, combo todo incluido, comprar combo resina argentina, comprar online argentina, envio argentina, extras para resina, kit completo principiantes, kit emprendimiento, kit hobbistas, kit manualidades, kit medicion, kit para empezar, kit para regalar, kit resina epoxi, llaveros, medicion, medir, perforador para resina, perforadora, perforadora electrica, pitones, rebarbador, resina epoxi, set resina epoxi, soplete, soplete para resina";"Combo Completo Herramientas | Advance Coat";;"Advance Coat";SI;;;;
rebarbador-para-resina-epoxi;"Rebarbador para Resina - Acabado Liso Y Profesional";"Arma Tu Propia Funda  > Herramientas, Extras Para Resina";;;;;;;8,500.00;;0.02;1.00;1.00;1.00;59;rebarbador;;SI;NO;;"accesorios para emprender, accesorios resina, advance coat, argentina, buenos aires, comprar online argentina, desbarbador, envio argentina, extras para resina, fijador, fijador de piezas, herramientas profesionales, herramientas resina epoxi, insumos manualidades, rebarbador, resina epoxi, taladro manual, utiles resina";"Rebarbador para Resina | Advance Coat";;"Advance Coat";SI;;;;
set-12-tintas-al-alcohol;"Set 12 Tintas al Alcohol - Efectos Únicos en Resina";"Extras Para Resina, Moldes de Silicona , Pigmentos, Combos Cursos Online";;;;;;;27,500.00;;0.25;1.00;1.00;1.00;50;"set 12 tintas al alcohol";;SI;NO;;"advance coat, agregado, alcohol, argentina, buenos aires, color, color para llaveros, color resina epoxi, colorante resina, colores, comprar online argentina, comprar pigmentos argentina, concentrado color resina, envio argentina, escamas, extras para resina, glitter, glitters, pigmento, pigmento alcohol, pigmento alta concentracion, pigmento metalizado, pigmento opaco, pigmento resina, pigmento traslucido, pigmentos, resina cristal, resina epoxi, resina para accesorios, tinta alcohol, tinta alcohol resina, tinta resina epoxi, tintas, tintas al alcohol, tintas resina";"Set 12 Tintas al Alcohol | Advance Coat";;"Advance Coat";SI;;;;
set-30-pigmentos-metalizados;"Pigmentos Metalizados Pack 30 - Efecto Profesional Para Resina";"Extras Para Resina, Pigmentos, Combos Cursos Online";;;;;;;70,000.00;60,000.00;0.35;5.00;5.00;10.00;1;"set 30 pigmentos";;SI;NO;;"30 glitters, advance coat, agregado, argentina, buenos aires, color, color para llaveros, color resina epoxi, colorante resina, colores, comprar online argentina, comprar pigmentos argentina, concentrado color resina, efecto oro, efecto plata, envio argentina, escamas, extras para resina, glitter, glitters, metalizado, metalizado resina, metalizados, mica, mica powder, pigmento alta concentracion, pigmento metalico, pigmento metalizado, pigmento opaco, pigmento resina, pigmento traslucido, polvo, polvos, tinta alcohol resina, tinta resina epoxi";"Pigmentos Metalizados Pack 30 | Advance Coat";;"Advance Coat";SI;;;;
set-12-glitters;"Set 12 Glitters - Pack Esencial Brillo Para Resina";"Arma Tu Propia Funda  > Adornos - Charms, Extras Para Resina";;;;;;;12,500.00;11,500.00;0.05;1.00;1.00;1.00;0;"12 glitters";;NO;NO;;"12 glitters, adorno, adornos, advance coat, agregado, argentina, brillantina resina, brillantina resina epoxi, buenos aires, charms, color, colores, comprar online argentina, decoracion brillante, envio argentina, escamas, escarcha resina, extras, extras para resina, funda, fundas, glitter, glitter llaveros, glitter manualidades, glitter para llaveros, glitter resina, glitter tornasol, glitters, polvo, polvos, promocion, purpurina resina, resina cristal, resina epoxi, resina para accesorios";"Set 12 Glitters | Advance Coat";"? Set 12 Glitters: brillo profesional para resina. Pocas dosis, máximo efecto. Envío gratis +$100K. ¡Sumá magia a tus piezas!";"Advance Coat";SI;;;;
molde-reloj-30-cm;"Molde Silicona Reloj 30 Cm - para Relojes de Diseño";"Moldes de Silicona ";;;;;;;20,000.00;16,000.00;0.05;10.00;10.00;5.00;0;"reloj grande";;NO;NO;;"argentina, buenos aires, comprar moldes argentina, comprar online argentina, envio argentina, molde acabado brillante, molde alta calidad, molde de reloj, molde duradero, molde flexible, molde manualidades, molde profesional, molde reloj, molde resina epoxi, molde reutilizable, molde silicona, molde silicona para resina, molde silicona para resina epoxi, moldes para emprender, moldes para vender, moldes resina, moldes silicona, moldes silicona argentina, numero, numeros, pigmentos, reloj, reloj artesanal, reloj decorativo, reloj grande, reloj hora, reloj pared, reloj silicona, relojes resina, silicona";"Molde Silicona Reloj 30 Cm | Resina Epoxi | Advance Coat";"? Molde Silicona Reloj 30 Cm de calidad pro. Silicona flexible, acabado brillante. Para llaveros, dijes y bijouterie. Envío gratis +$100K. ¡Empezá hoy!";"Advance Coat";SI;;;;
molde-apoya-vasos-cuadrado;"Molde Silicona Apoya Vasos Cuadrado - para Apoya Vasos Originales";"Moldes de Silicona ";;;;;;;5,500.00;;0.05;1.00;1.00;1.00;44;"Molde Apoya vasos Cuadrado";;SI;NO;;"apoya vasos, apoya vasos cuadrado, apoya vasos decorativos, apoya vasos para vender, apoya vasos rectangular, apoya vasos resina, argentina, buenos aires, comprar moldes argentina, comprar online argentina, cuadrado, envio argentina, formas, molde acabado brillante, molde alta calidad, molde cuadrado, molde duradero, molde flexible, molde manualidades, molde para llaveros, molde profesional, molde resina epoxi, molde reutilizable, molde silicona, molde silicona para resina, molde silicona para resina epoxi, moldes para emprender, moldes para vender, moldes resina, moldes silicona, moldes silicona argentina, posavasos resina, rectangular, silicona";"Molde Silicona Apoya Vasos Cuadrado";"? Molde Silicona Apoya Vasos Cuadrado de calidad pro. Silicona flexible, acabado brillante. Para llaveros, dijes y bijouterie. Envío gratis +$100K. ¡Empezá hoy!";"Advance Coat";SI;;;;
plancha-corazones;"Molde Plancha corazones - Diseño Romántico";"Moldes de Silicona ";;;;;;;6,500.00;;0.05;1.00;1.00;1.00;0;"plancha corazones";;NO;NO;;"argentina, bandeja, bandejita corazon, buenos aires, comprar moldes argentina, comprar online argentina, corazon, corazon llavero, corazon resina, corazones, envio argentina, molde acabado brillante, molde alta calidad, molde corazon, molde corazones, molde de corazones, molde duradero, molde flexible, molde manualidades, molde profesional, molde resina epoxi, molde reutilizable, molde silicona, molde silicona para resina, molde silicona para resina epoxi, moldes para emprender, moldes para vender, moldes resina, moldes silicona, moldes silicona argentina, plancha, plancha corazones, plancha de corazones, regalo amor, silicona";"Molde Plancha corazones | Resina Epoxi | Advance Coat";"? Molde Plancha corazones de calidad pro. Silicona flexible, acabado brillante. Para llaveros, dijes y bijouterie. Envío gratis +$100K. ¡Empezá hoy!";"Advance Coat";SI;;;;
molde-pulsera;"Molde Silicona Pulsera - para Pulseras Artesanales";"Moldes de Silicona ";;;;;;;6,000.00;;0.05;1.00;1.00;1.00;0;"Molde pulsera";;SI;NO;;"argentina, brazalete, buenos aires, circular, circulo, comprar moldes argentina, comprar online argentina, envio argentina, formas, molde acabado brillante, molde alta calidad, molde de circulo, molde duradero, molde flexible, molde llavero, molde manualidades, molde profesional, molde resina epoxi, molde reutilizable, molde silicona, molde silicona para resina, molde silicona para resina epoxi, moldes para emprender, moldes para vender, moldes resina, moldes silicona, moldes silicona argentina, pulsera, silicona";"Molde Silicona Pulsera | Resina Epoxi | Advance Coat";"? Molde Silicona Pulsera de calidad pro. Silicona flexible, acabado brillante. Para llaveros, dijes y bijouterie. Envío gratis +$100K. ¡Empezá hoy!";"Advance Coat";SI;;;;
mecanismo-para-reloj;"Mecanismo para Reloj - Convertí Tus Piezas en Relojes";"Moldes de Silicona ";;;;;;;6,000.00;5,000.00;0.05;1.00;1.00;1.00;0;"mecanismo para reloj";;NO;NO;;"accesorios para emprender, accesorios resina, advance coat, aguja, agujas, argentina, buenos aires, comprar online argentina, envio argentina, herramientas profesionales, herramientas resina epoxi, hora, insumos manualidades, maquina, mecanismo, mecanismo de reloj, mecanismo para reloj, mecanismo reloj, molde de reloj, molde reloj, molde silicona, molde silicona para resina, molde silicona para resina epoxi, moldes silicona, motor, numero, numeros, reloj, reloj artesanal, reloj decorativo, reloj hora, reloj pared, reloj silicona, relojes resina, utiles resina";"Mecanismo para Reloj | Advance Coat";;"Advance Coat";SI;;;;
molde-reloj-clasico;"Molde Silicona Reloj Clásico - Decoraciones únicas";"Moldes de Silicona ";;;;;;;7,500.00;;0.05;5.00;1.00;1.00;3;reloj;;NO;NO;;"argentina, buenos aires, comprar moldes argentina, comprar online argentina, envio argentina, hora, molde acabado brillante, molde alta calidad, molde de reloj, molde duradero, molde flexible, molde manualidades, molde profesional, molde reloj, molde resina epoxi, molde reutilizable, molde silicona, molde silicona para resina, molde silicona para resina epoxi, moldes para emprender, moldes para vender, moldes resina, moldes silicona, moldes silicona argentina, numero, numeros, reloj, reloj artesanal, reloj decorativo, reloj hora, reloj pared, reloj silicona, relojes resina, silicona";"Molde Silicona Reloj Clásico | Resina Epoxi | Advance Coat";"? Molde Silicona Reloj Clásico de calidad pro. Silicona flexible, acabado brillante. Para llaveros, dijes y bijouterie. Envío gratis +$100K. ¡Empezá hoy!";"Advance Coat";SI;;;;
recuperador-de-brillo;"Recuperador de Brillo - Devolvele el Cristal a Tus Piezas";"Extras Para Resina";;;;;;;14,500.00;12,000.00;0.05;5.00;5.00;1.00;47;"recuperador brillo";;SI;NO;;"accesorios para emprender, accesorios resina, advance coat, argentina, brillo, buenos aires, comprar online argentina, envio argentina, herramientas profesionales, herramientas resina epoxi, iluminacion, insumos manualidades, recuperacion de brillo, recuperador, recuperador de brillo, recuperar, recuperar brillo, resplandor, utiles resina";"Recuperador de Brillo | Advance Coat";;"Advance Coat";SI;;;;
perforadora-electrica-usb;"Perforadora Eléctrica USB - Para Llaveros y Dijes Pro";"Arma Tu Propia Funda  > Herramientas, Extras Para Resina";;;;;;;22,500.00;20,000.00;0.08;2.00;5.00;1.00;45;"perforadora eléctrica";;SI;NO;;"accesorios para emprender, accesorios resina, advance coat, agujereador, agujereadora, argentina, buenos aires, comprar online argentina, dijes, electrico, envio argentina, extras para resina, hacer agujeros en resina, herramientas profesionales, herramientas resina epoxi, insumos manualidades, mini perforadora, perforador, perforador para resina, perforadora, perforadora electrica, perforadora resina, resina para accesorios, taladro, taladro electrico, taladro manual, taladro manualidades, usb, utiles resina";"Perforadora Eléctrica USB | Advance Coat";;"Advance Coat";SI;;;;
envio1;Envio;;;;;;;;1.00;;0.20;15.00;10.00;2.00;0;enviocorreo;;NO;SI;;;;;"Advance Coat";SI;;;;
molde-hebillas;"Molde Silicona Hebillas -Realiza tus Accesorios";"Moldes de Silicona ";;;;;;;5,000.00;;0.05;1.00;1.00;2.00;0;"molde hebillas pinzas";;NO;NO;;"argentina, aros, buenos aires, chapita, colgantes, comprar moldes argentina, comprar online argentina, dije, envio argentina, hebilla, hebillas, molde acabado brillante, molde alta calidad, molde collares, molde de hebilla, molde de hebillas, molde duradero, molde flexible, molde manualidades, molde pinza, molde pinzas, molde profesional, molde resina epoxi, molde reutilizable, molde silicona, molde silicona para resina, molde silicona para resina epoxi, moldes para emprender, moldes para vender, moldes resina, moldes silicona, moldes silicona argentina, pinza, pinzas";"Molde Silicona Hebillas | Resina Epoxi | Advance Coat";"? Molde Silicona Hebillas de calidad pro. Silicona flexible, acabado brillante. Para llaveros, dijes y bijouterie. Envío gratis +$100K. ¡Empezá hoy!";"Advance Coat";SI;;;;
soplete-para-resina-epoxi;"Soplete para Resina Epoxi - Elimina Burbujas en Segundos";"Arma Tu Propia Funda  > Herramientas, Extras Para Resina";;;;;;;8,500.00;7,500.00;0.10;1.00;1.00;1.00;88;soplete;;SI;NO;;"accesorios para emprender, accesorios resina, advance coat, argentina, buenos aires, burbujas, comprar online argentina, eliminar burbujas, eliminar burbujas resina, encendedor, envio argentina, fuego, herramientas profesionales, herramientas resina epoxi, insumos manualidades, molde, quita burbujas, quitar burbujas, resina epoxi, resina mas vaso, silicona, soplete, soplete burbujas, soplete para resina, soplete resina, utiles resina, vaso de silicona, vaso medidor";"Soplete para Resina Epoxi | Advance Coat";;"Advance Coat";SI;;;;
combo-para-hacer-mini-circulos-con-letras;"Combo Mini Círculos con Letras - Souvenirs y Llaveros Mini";"Combos > Otros combos";;;;;;;27,500.00;;0.35;1.00;1.00;1.00;0;"150g + mini circulos + letras chicas + pitones + 10 llaveros";;NO;NO;;"argentina, bijouterie mini, buenos aires, circulos, circulos con letras, combo, combo advance coat, combo emprendedor, combo resina, combo todo incluido, comprar combo resina argentina, comprar online argentina, envio argentina, kit completo principiantes, kit emprendimiento, kit hobbistas, kit manualidades, kit para empezar, kit para regalar, kit resina epoxi, letras, letras chicas, letras resina, llaveros con nombres, mini circulos, mini resina, miniaturas resina, molde, molde de letras, molde letras, molde para llaveros, nombres personalizados, palabras resina, resina epoxi, set resina epoxi";"Combo Mini Círculos con Letras | Advance Coat";;"Advance Coat";SI;;;;
150g-de-resina-epoxi-kit-de-medicion;"Kit de Medición Profesional - Mezclas Exactas Sin Errores";"Combos, Arma Tu Propia Funda  > Herramientas, Extras Para Resina, Arma Tu Propia Funda  > Resinas Epoxi Para Fundas";;;;;;;28,500.00;25,500.00;0.55;5.00;5.00;5.00;3;"150 + balanza + vaso";;SI;NO;;"150g, argentina, balanza, balanza + vaso, balanza digital, balanza para resina, balanza y vaso, buenos aires, combo advance coat, combo emprendedor, combo resina, combo todo incluido, comprar combo resina argentina, comprar online argentina, envio argentina, kit completo, kit completo principiantes, kit emprendimiento, kit hobbistas, kit manualidades, kit medicion, kit para empezar, kit para regalar, kit principiantes, kit resina, kit resina epoxi, medicion, medir, resina, resina + kit medicion, resina 150g, resina epoxi, set resina epoxi, vaso, vaso medidor";"Kit de Medición Profesional | Advance Coat";;"Advance Coat";SI;;;;
kit-de-medicion;"Kit de Medición Profesional - Mezclas Exactas Sin Errores";"Combos > Combos iniciales, Combos > Combos de herramientas, Arma Tu Propia Funda  > Herramientas, Extras Para Resina";;;;;;;15,000.00;;0.25;5.00;5.00;5.00;1;"balanza + vaso";;SI;NO;;"argentina, balanza, balanza + vaso, balanza digital, balanza para resina, balanza y vaso, buenos aires, combo advance coat, combo emprendedor, combo resina, combo todo incluido, comprar combo resina argentina, comprar online argentina, envio argentina, kit completo, kit completo principiantes, kit emprendimiento, kit hobbistas, kit manualidades, kit medicion, kit para empezar, kit para regalar, kit principiantes, kit resina, kit resina epoxi, medicion, medir, resina epoxi, set resina epoxi, vaso, vaso medidor, vaso medir";"Kit de Medición Profesional | Advance Coat";;"Advance Coat";SI;;;;
molde-apoya-vasos-con-forma-de-corazon;"Molde Silicona Apoya Vasos con Forma de Corazón";"Moldes de Silicona ";;;;;;;5,500.00;;0.05;1.00;1.00;1.00;97;"apoya vasos corazon";;SI;NO;;"apoya vasos, apoya vasos con forma de corazon, apoya vasos corazon, apoya vasos de corazon, apoya vasos decorativos, apoya vasos para vender, apoya vasos resina, argentina, buenos aires, comprar moldes argentina, comprar online argentina, corazon, corazon dije, corazon llavero, corazon resina, envio argentina, forma de corazon, formas, molde acabado brillante, molde alta calidad, molde corazon, molde duradero, molde flexible, molde manualidades, molde profesional, molde resina epoxi, molde reutilizable, molde silicona, moldes para emprender, moldes para vender, moldes resina, moldes silicona argentina, posavasos resina, regalo parejas, san valentin";"Molde Silicona Apoya Vasos con Forma de Corazón";"? Molde Silicona Apoya Vasos con Forma de Corazón de calidad pro. Silicona flexible, acabado brillante. Para llaveros, dijes y bijouterie. Envío gratis +$100...";"Advance Coat";SI;;;;
pack-escolar;"Pack Escolar";"Moldes de Silicona ";;;;;;;12,000.00;10,000.00;0.20;1.00;1.00;1.00;94;"pack regla, 2 esc, tr";;SI;NO;;"accesorios para emprender, accesorios resina, advance coat, argentina, buenos aires, comprar online argentina, envio argentina, escolar, escuadra, herramientas profesionales, herramientas resina epoxi, insumos manualidades, kit escolar, medicion, medir, molde para resina, molde silicona, molde silicona para resina, moldes silicona, nino, pack escolar, regla, senalador para libro, silicona, utiles resina";"Pack Escolar | Advance Coat";;"Advance Coat";SI;;;;
resina-epoxi-cristal-glass-450gr;"Resina Epoxi Cristal 450g - Llaveros, Dijes y Aros";"Resinas Epoxi > Resina Epoxi Cristal";;;;;;;32,000.00;30,000.00;0.55;3.00;4.00;4.00;1000;"450 gramos";;SI;NO;;"450, 450 gramos, 450g, 450gr, advance coat, argentina, buenos aires, comprar online argentina, comprar resina online, donde comprar resina, envio argentina, resina 450 gramos, resina advance coat, resina alta calidad, resina argentina, resina argentina envio, resina cristal, resina de 450 gramos, resina epoxi, resina epoxi cristal, resina manualidades argentina, resina para accesorios, resina para anillos, resina para dijes, resina para emprender, resina para hacer accesorios, resina para llaveros, resina para mesas, resina profesional, resina sin burbujas, resina transparente";"Resina Epoxi Cristal 450g | Calidad Pro | Advance Coat";"? Resina Epoxi Cristal 450g cristal sin burbujas. La elegida por +5000 emprendedoras. ¡Comprá ahora!";"Advance Coat";SI;;;;
molde-aros-hojas;"Molde Silicona Aros Hojas - Para Dijes Artesanales";"Moldes de Silicona ";;;;;;;7,000.00;6,750.00;0.05;1.00;1.00;2.00;0;"molde aros hojas";;NO;NO;;"argentina, aros, aros artesanales argentina, aros para emprender, aros resina epoxi, buenos aires, chapita, colgantes, collar, como hacer aros, comprar moldes argentina, comprar online argentina, corazones, dije, envio argentina, estrella, flor, hojas, lunas, molde acabado brillante, molde alta calidad, molde collares, molde de corazon, molde duradero, molde flexible, molde manualidades, molde para aros, molde profesional, molde resina epoxi, molde reutilizable, molde silicona, moldes para emprender, moldes para vender, moldes resina, moldes silicona argentina";"Molde Silicona Aros Hojas | Resina Epoxi | Advance Coat";"? Molde Silicona Aros Hojas de calidad pro. Silicona flexible, acabado brillante. Para llaveros, dijes y bijouterie. Envío gratis +$100K. ¡Empezá hoy!";"Advance Coat";SI;;;;
molde-apoya-vasos-hexagonal;"Molde Silicona Apoya Vasos Hexagonal - Apoya Vasos Originales";"Moldes de Silicona ";;;;;;;5,500.00;;0.05;1.00;1.00;1.00;0;"apoya vasos hexagonal";;NO;NO;;"apoya vasos, apoya vasos decorativos, apoya vasos para vender, apoya vasos resina, argentina, buenos aires, circulos, comprar moldes argentina, comprar online argentina, envio argentina, formas, molde acabado brillante, molde alta calidad, molde circular, molde duradero, molde flexible, molde manualidades, molde para llaveros, molde profesional, molde resina epoxi, molde reutilizable, molde silicona, molde silicona para resina, molde silicona para resina epoxi, moldes para emprender, moldes para vender, moldes resina, moldes silicona, moldes silicona argentina, posavasos resina, silicona";"Molde Silicona Apoya Vasos Hexagonal";"? Molde Silicona Apoya Vasos Hexagonal de calidad pro. Silicona flexible, acabado brillante. Para llaveros, dijes y bijouterie. Envío gratis +$100K. ¡Empezá ...";"Advance Coat";SI;;;;
pack-10-dijes;"Pack 10 Dijes Variados - Stock Para Llaveros y Dijes";"Moldes de Silicona ";;;;;;;15,000.00;13,000.00;0.15;1.00;1.00;1.00;6;"pack 10 dijes silicona";;SI;NO;;"adornos fundas, argentina, bases para dijes, buenos aires, charms decorativos, charms kawaii, charms manualidades, charms para fundas, charms resina, collares, comprar charms argentina, comprar online argentina, decoracion para llaveros, decorativos resina, diamantes, dije, dijes artesanales, dijes para collares, dijes para emprender, dijes resina epoxi, envio argentina, formas, mini charms kawaii, molde dijes, molde llavero, molde para llaveros, molde silicona, molde silicona para resina, molde silicona para resina epoxi, moldes silicona, perla, rellenos resina, resina para accesorios, silicona";"Pack 10 Dijes Variados | Advance Coat";"? Pack 10 Dijes Variados decoración premium para fundas, llaveros y dijes. Envío gratis +$100K. 12 cuotas. ¡Diferenciate del mercado!";"Advance Coat";SI;;;;
pack-2-corazones;"Pack 2 Corazones - Para Llaveros de Parejas y Mejores Amigas";"Moldes de Silicona ";;;;;;;8,500.00;8,000.00;0.08;1.00;1.00;1.00;0;"2 corazones";;NO;NO;;"adornos fundas, argentina, bandeja, bandejita corazon, buenos aires, charms decorativos, charms kawaii, charms manualidades, charms para fundas, charms resina, comprar charms argentina, comprar online argentina, corazon, corazon llavero, corazon resina, decoracion para llaveros, decorativos resina, envio argentina, mini charms kawaii, molde bandeja corazon, molde corazon, molde silicona, molde silicona para resina, molde silicona para resina epoxi, moldes silicona, regalo amor, rellenos resina, silicona";"Pack 2 Corazones | Advance Coat";"? Pack 2 Corazones decoración premium para fundas, llaveros y dijes. Envío gratis +$100K. 12 cuotas. ¡Diferenciate del mercado!";"Advance Coat";SI;;;;
molde-de-mini-patitas;"Molde Silicona de Mini Patitas - Amantes de Mascotas";"Moldes de Silicona ";;;;;;;5,000.00;;0.01;1.00;1.00;1.00;0;"Mini patitas";;NO;NO;;"argentina, bijouterie mini, brillante, buenos aires, comprar moldes argentina, comprar online argentina, dije de patita, envio argentina, formas, garra, huellitas resina, mascotas resina, mini resina, miniaturas resina, molde acabado brillante, molde alta calidad, molde de patitas, molde de perrito, molde de perro, molde duradero, molde flexible, molde garra, molde manualidades, molde para llaveros, molde patitas, molde perrito, molde profesional, molde resina epoxi, molde reutilizable, molde silicona, moldes para emprender, moldes para vender, moldes resina, moldes silicona argentina, patitas resina";"Molde Silicona de Mini Patitas | Resina Epoxi | Advance Coat";"? Molde Silicona de Mini Patitas de calidad pro. Silicona flexible, acabado brillante. Para llaveros, dijes y bijouterie. Envío gratis +$100K. ¡Empezá hoy!";"Advance Coat";SI;;;;
pack-5-senaladores-con-forma-de-animales;"Mini Charms Animales - Decoración Kawaii Variada";"Moldes de Silicona ";;;;;;;15,000.00;12,500.00;0.05;1.00;1.00;1.00;64;"señaladores animales";;SI;NO;;"adornos fundas, argentina, buenos aires, charms decorativos, charms kawaii, charms manualidades, charms para fundas, charms resina, comprar charms argentina, comprar online argentina, decoracion para llaveros, decorativos resina, envio argentina, mini charms kawaii, molde para resina, molde senalador, molde silicona, molde silicona para resina, molde silicona para resina epoxi, moldes silicona, rellenos resina, senalador para libro, senaladores artesanales, senaladores libros, senaladores resina, silicona";"Mini Charms Animales | Advance Coat";"? Mini Charms Animales decoración premium para fundas, llaveros y dijes. Envío gratis +$100K. 12 cuotas. ¡Diferenciate del mercado!";"Advance Coat";SI;;;;
molde-silicona-letras-grandes-para-resina-epoxi-navideno;"Molde Silicona Letras Grandes Para Resina Epoxi";;;;;;;;13,000.00;10,000.00;0.20;5.00;5.00;5.00;10;"molde letras grandes";;NO;NO;;"abecedario, adornos navidenos, arbol navidad, argentina, buenos aires, comprar online argentina, comprar resina online, decoracion navidad, descuento, donde comprar resina, envio argentina, letras grandes, letras resina, llaveros con nombres, molde de abecedario, molde letras, navidad resina, nombres personalizados, palabras resina, regalos navidad, resina advance coat, resina alta calidad, resina argentina, resina argentina envio, resina cristal, resina epoxi, resina epoxi cristal, resina manualidades argentina, resina para dijes, resina para emprender, resina para hacer accesorios, resina para llaveros, resina profesional, resina sin burbujas, resina transparente";"Molde Silicona Letras Grandes Para Resina Epoxi";"? Molde Silicona Letras Grandes Para Resina Epoxi cristal sin burbujas. La elegida por +5000 emprendedoras. Envío gratis +$100K. 12 cuotas sin interés. ¡Comp...";"Advance Coat";SI;;;;
resina-epoxi-cristal-glass-1kg-navideno;"Resina Epoxi Cristal 1kg - Para Producción Continua";;;;;;;;60,000.00;;1.30;1.00;1.00;1.00;8;"750g + 300g";;NO;NO;;"1 kg, 1.5, 1.5kg, 1kg, adornos navidenos, arbol navidad, argentina, buenos aires, comprar online argentina, comprar resina online, decoracion navidad, donde comprar resina, envio argentina, kit resina 1.5kg, navidad resina, regalos navidad, resina advance coat, resina alta calidad, resina argentina, resina argentina envio, resina cristal, resina de 1.5kg, resina epoxi, resina epoxi cristal, resina epoxica 1.5kg, resina manualidades argentina, resina para accesorios, resina para anillos, resina para dijes, resina para emprender, resina para hacer accesorios, resina para llaveros, resina profesional, resina sin burbujas, resina transparente";"Resina Epoxi Cristal 1kg | Calidad Pro | Advance Coat";"? Resina Epoxi Cristal 1kg cristal sin burbujas. La elegida por +5000 emprendedoras. Envío gratis +$100K. 12 cuotas sin interés. ¡Comprá ahora!";"Advance Coat";SI;;;;
combo-bandeja-triple-navideno;"Combo Navideño Exclusivo - Edición Especial Fin de Año";;"CON O SIN BALANZA";"CON BALANZA";;;;;70,000.00;;1.30;1.00;1.00;1.00;10;"Bandeja Triple + 2 Soporte Bandeja Triple + 750 gr + bel blanco y negro + balanza";;NO;NO;;"adornos navidenos, apoya vasos resina, arbol navidad, argentina, bandeja artesanal, bandeja decorativa, bandeja resina, buenos aires, combo advance coat, combo emprendedor, combo resina, combo todo incluido, comprar combo resina argentina, comprar online argentina, decoracion navidad, envio argentina, kit completo principiantes, kit emprendimiento, kit hobbistas, kit manualidades, kit para empezar, kit para regalar, kit resina epoxi, navidad resina, regalos navidad, set resina epoxi";"Combo Navideño Exclusivo | Advance Coat";;"Advance Coat";SI;;;;
combo-bandeja-triple-navideno;;;"CON O SIN BALANZA";"SIN BALANZA";;;;;63,500.00;;1.30;1.00;1.00;1.00;10;"Bandeja Triple + 2 Soporte Bandeja Triple + 750 gr + bel blanco y negro";;;;;;;;;;;;;
combo-bandeja-rectangular-navideno;"Combo Navideño Exclusivo - Edición Especial Fin de Año";;"CON O SIN BALANZA";"CON BALANZA";;;;;67,000.00;;1.30;1.00;1.00;1.00;9;"Bandeja Rectángular + 1 Soporte Bandeja Rectángular + 750 gr + bel blanco y negro + balanza";;NO;NO;;"adornos navidenos, apoya vasos resina, arbol navidad, argentina, bandeja artesanal, bandeja decorativa, bandeja resina, buenos aires, combo advance coat, combo emprendedor, combo resina, combo todo incluido, comprar combo resina argentina, comprar online argentina, decoracion navidad, envio argentina, kit completo principiantes, kit emprendimiento, kit hobbistas, kit manualidades, kit para empezar, kit para regalar, kit resina epoxi, navidad resina, regalos navidad, set resina epoxi";"Combo Navideño Exclusivo | Advance Coat";;"Advance Coat";SI;;;;
combo-bandeja-rectangular-navideno;;;"CON O SIN BALANZA";"SIN BALANZA";;;;;60,500.00;;1.30;1.00;1.00;1.00;10;"Bandeja Rectángular + Soporte Bandeja Rectángular + 750 gr + bel blanco y negro";;;;;;;;;;;;;
combo-navideno-1;"Combo Navideño 1 - Pack Inicial Edición Limitada";;"CON O SIN BALANZA";"CON BALANZA";;;;;40,750.00;39,000.00;0.55;1.00;1.00;1.00;5;"300g + molde oraculo + 1 balanza + 3 escamas + 30 llaveros + 1 DR azul";;NO;NO;;"adornos navidenos, arbol navidad, argentina, buenos aires, combo advance coat, combo emprendedor, combo resina, combo todo incluido, comprar combo resina argentina, comprar online argentina, decoracion navidad, envio argentina, kit completo principiantes, kit emprendimiento, kit hobbistas, kit manualidades, kit para empezar, kit para regalar, kit resina epoxi, navidad resina, regalos navidad, set resina epoxi";"Combo Navideño 1 | Advance Coat";;"Advance Coat";SI;;;;
combo-navideno-1;;;"CON O SIN BALANZA";"SIN BALANZA";;;;;34,250.00;32,500.00;0.55;1.00;1.00;1.00;10;"300g + molde oraculo + 1 balanza + 3 escamas + 30 llaveros + 1 DR azul";;;;;;;;;;;;;
combo-navideno-3;"Combo Navideño 3 - Pack Premium Edición Limitada";;"CON O SIN BALANZA";"CON BALANZA";;;;;40,500.00;39,000.00;0.55;1.00;1.00;1.00;9;"300 Gr + Chapita Perro TRIPLE + Chapita Pie  + Balanza + 3 Esc + 30 Llaveros";;NO;NO;;"adornos navidenos, arbol navidad, argentina, buenos aires, combo advance coat, combo emprendedor, combo resina, combo todo incluido, comprar combo resina argentina, comprar online argentina, decoracion navidad, envio argentina, kit completo principiantes, kit emprendimiento, kit hobbistas, kit manualidades, kit para empezar, kit para regalar, kit resina epoxi, navidad resina, regalos navidad, set resina epoxi";"Combo Navideño 3 | Advance Coat";;"Advance Coat";SI;;;;
combo-navideno-3;;;"CON O SIN BALANZA";"SIN BALANZA";;;;;34,000.00;32,500.00;0.55;1.00;1.00;1.00;10;"300 Gr + Chapita Perro TRIPLE + Chapita Pie  + Balanza + 3 Esc + 30 Llaveros";;;;;;;;;;;;;
combo-navideno-2;"Combo Navideño 2 - Pack Intermedio Edición Limitada";;;;;;;;38,500.00;37,000.00;0.55;1.00;1.00;1.00;9;"300 Gr + Oráculo + molde para compartir  + plancha dijes + 3 Esc + 30 Llaveros";;NO;NO;;"adornos navidenos, arbol navidad, argentina, buenos aires, combo advance coat, combo emprendedor, combo resina, combo todo incluido, comprar combo resina argentina, comprar online argentina, decoracion navidad, envio argentina, kit completo principiantes, kit emprendimiento, kit hobbistas, kit manualidades, kit para empezar, kit para regalar, kit resina epoxi, navidad resina, regalos navidad, set resina epoxi";"Combo Navideño 2 | Advance Coat";;"Advance Coat";SI;;;;
combo-pigmentos-traslucidos-navideno;"Combo Pigmentos Traslúcidos - Navideño";;;;;;;;24,000.00;;0.80;1.00;1.00;1.00;9;"8 DR";;NO;NO;;"adornos navidenos, arbol navidad, argentina, buenos aires, color para llaveros, color resina epoxi, colorante resina, comprar online argentina, comprar pigmentos argentina, concentrado color resina, decoracion navidad, envio argentina, navidad resina, pigmento alta concentracion, pigmento metalizado, pigmento opaco, pigmento resina, pigmento traslucido, regalos navidad, tinta alcohol resina, tinta resina epoxi";"Combo Pigmentos Traslúcidos | Advance Coat";;"Advance Coat";SI;;;;
combo-pigmentos-plenos-navideno;"Pigmento Pleno Premium Para Resina - Color Concentrado";"Combos, Pigmentos";;;;;;;42,000.00;40,000.00;0.45;1.00;5.00;5.00;80;"6 BEL";;NO;NO;;"argentina, bel, buenos aires, color para llaveros, color resina epoxi, colorante resina, comprar online argentina, comprar pigmentos argentina, concentrado, concentrado color resina, concentrado pleno, envio argentina, pigmento alta concentracion, pigmento metalizado, pigmento opaco, pigmento para resina, pigmento resina, pigmento traslucido, pleno, tinta alcohol resina, tinta resina epoxi";"Pigmento Pleno Premium Para Resina | Advance Coat";;"Advance Coat";SI;;;;
combo-extras-para-resina-navideno;"Combo Navideño Exclusivo - Edición Especial Fin de Año";;;;;;;;18,500.00;16,000.00;0.17;1.00;1.00;1.00;4;"8 escamas + 3 glitter + 10 llaveros + 15 mini pitones";;NO;NO;;"adornos navidenos, arbol navidad, argentina, buenos aires, combo advance coat, combo emprendedor, combo resina, combo todo incluido, comprar combo resina argentina, comprar online argentina, decoracion navidad, envio argentina, kit completo principiantes, kit emprendimiento, kit hobbistas, kit manualidades, kit para empezar, kit para regalar, kit resina epoxi, navidad resina, regalos navidad, set resina epoxi";"Combo Navideño Exclusivo | Advance Coat";;"Advance Coat";SI;;;;
combo-escamas-navideno;"Combo Navideño Exclusivo - Edición Especial Fin de Año";;;;;;;;12,000.00;10,000.00;0.14;1.00;1.00;1.00;6;"8 Escamas 1 dorado 1 plateado 1 blanco 1 fucsia 1 turquesa 1 rosa 1 verde 1 violeta";;NO;NO;;"adornos navidenos, arbol navidad, argentina, buenos aires, combo advance coat, combo emprendedor, combo resina, combo todo incluido, comprar combo resina argentina, comprar online argentina, decoracion navidad, envio argentina, escamas resina, glitter escamas, glitter tornasol, kit completo principiantes, kit emprendimiento, kit hobbistas, kit manualidades, kit para empezar, kit para regalar, kit resina epoxi, navidad resina, regalos navidad, set resina epoxi";"Combo Navideño Exclusivo | Advance Coat";;"Advance Coat";SI;;;;
combo-chapitas-navideno;"Combo Navideño Exclusivo - Edición Especial Fin de Año";;;;;;;;12,000.00;;0.05;1.00;1.00;1.00;0;"1 chapita perro triple + 1 corazón partido + 1 pie de bebe";;NO;NO;;"adornos navidenos, arbol navidad, argentina, buenos aires, chapita mascota, chapita resina, combo advance coat, combo emprendedor, combo resina, combo todo incluido, comprar combo resina argentina, comprar online argentina, decoracion navidad, envio argentina, kit completo principiantes, kit emprendimiento, kit hobbistas, kit manualidades, kit para empezar, kit para regalar, kit resina epoxi, navidad resina, placa identificacion, regalos navidad, set resina epoxi";"Combo Navideño Exclusivo | Advance Coat";;"Advance Coat";SI;;;;
kit-resina-epoxi-150-gramos-vaso-medidor-molde-silicona-navideno;"Combo Navideño 1 - Pack Inicial Edición Limitada";;;;;;;;12,250.00;;0.25;5.00;5.00;10.00;15;"150g + vaso";;NO;NO;;"adornos navidenos, arbol navidad, argentina, buenos aires, combo, combo advance coat, combo emprendedor, combo resina, combo todo incluido, comprar combo resina argentina, comprar online argentina, decoracion navidad, envio argentina, kit completo, kit completo principiantes, kit emprendimiento, kit hobbistas, kit manualidades, kit para empezar, kit para regalar, kit principiantes, kit resina, kit resina epoxi, molde, navidad resina, regalos navidad, resina epoxi, resina mas vaso, set resina epoxi, silicona, vaso de silicona, vaso medidor";"Combo Navideño 1 | Advance Coat";;"Advance Coat";SI;;;;
combo-para-hacer-lapiceras-navideno;"Combo Lapiceras Navideñas - Regalos de Fin de Año";;;;;;;;21,500.00;;0.35;1.00;1.00;1.00;4;"150g + 2 lapiceras + balanza";;NO;NO;;"adornos navidenos, arbol navidad, argentina, buenos aires, combo, combo advance coat, combo emprendedor, combo resina, combo todo incluido, comprar combo resina argentina, comprar online argentina, decoracion navidad, envio argentina, kit completo principiantes, kit emprendimiento, kit hobbistas, kit manualidades, kit para empezar, kit para regalar, kit resina epoxi, lapiceras corporativas, lapiceras personalizadas, lapiceras regalo, lapiceras resina, molde, navidad resina, regalos navidad, resina epoxi, resina mas vaso, set resina epoxi, silicona, vaso de silicona, vaso medidor";"Combo Lapiceras Navideñas | Advance Coat";;"Advance Coat";SI;;;;
combo-corazones;"Combo Corazones - Productos Románticos Para Vender";"Combos Cursos Online";;;;;;;19,000.00;;0.22;1.00;1.00;1.00;0;"1 corazón partido para parejas + 1 bandeja corazón + 1 cajita corazón + 1 molde corazones";;NO;NO;;"argentina, buenos aires, combo advance coat, combo emprendedor, combo resina, combo todo incluido, comprar combo resina argentina, comprar online argentina, corazon llavero, corazon resina, envio argentina, kit completo principiantes, kit emprendimiento, kit hobbistas, kit manualidades, kit para empezar, kit para regalar, kit resina epoxi, molde corazon, regalo amor, set resina epoxi";"Combo Corazones | Advance Coat";;"Advance Coat";SI;;;;
combo-chapitas;"Combo Chapitas - Llaveros y Souvenirs Personalizados";"Combos Cursos Online";;;;;;;14,500.00;14,000.00;0.05;1.00;1.00;1.00;4;"1 chapita perro triple + 1 corazón partido + 1 pie de bebe";;SI;NO;;"argentina, buenos aires, chapita mascota, chapita resina, combo advance coat, combo emprendedor, combo resina, combo todo incluido, comprar combo resina argentina, comprar online argentina, envio argentina, kit completo principiantes, kit emprendimiento, kit hobbistas, kit manualidades, kit para empezar, kit para regalar, kit resina epoxi, placa identificacion, set resina epoxi";"Combo Chapitas | Advance Coat";;"Advance Coat";SI;;;;
combo-extras-para-resina;"Combo Extras Premium - Rellenos Variados Para Resina";"Combos Cursos Online";;;;;;;37,250.00;31,000.00;0.17;1.00;1.00;1.00;39;"8 escamas + 3 glitter + 10 llaveros + 15 mini pitones";;SI;NO;;"argentina, buenos aires, combo advance coat, combo emprendedor, combo resina, combo todo incluido, comprar combo resina argentina, comprar online argentina, envio argentina, kit completo principiantes, kit emprendimiento, kit hobbistas, kit manualidades, kit para empezar, kit para regalar, kit resina epoxi, set resina epoxi";"Combo Extras Premium | Advance Coat";;"Advance Coat";SI;;;;
combo-escamas;"Combo 8 Glitters en Escamas Tornasol - Set Multicolor Para Resina";"Combos Cursos Online";;;;;;;24,000.00;20,000.00;0.14;1.00;1.00;1.00;66;"8 Escamas 1 dorado 1 plateado 1 blanco 1 fucsia 1 turquesa 1 rosa 1 verde 1 violeta";;SI;NO;;"argentina, buenos aires, combo advance coat, combo emprendedor, combo resina, combo todo incluido, comprar combo resina argentina, comprar online argentina, envio argentina, escamas, escamas resina, glitter escamas, glitter tornasol, glitters, kit completo principiantes, kit emprendimiento, kit hobbistas, kit manualidades, kit para empezar, kit para regalar, kit resina epoxi, pigmentos, set resina epoxi, sirena";"Combo 8 Glitters Escamas Tornasol Para Resina | Advance Coat";"? Combo 8 colores en escamas tornasol para resina: rosa, dorado, azul, celeste, fucsia, verde, blanco, plateado. Brillo premium.";"Advance Coat";SI;;;;
combo-pigmentos-plenos;"Pigmento Pleno Premium Para Resina - Color Concentrado";"Pigmentos, Combos Cursos Online";;;;;;;42,000.00;40,000.00;0.54;1.00;1.00;1.00;9;"6 BEL";;SI;NO;;"argentina, bel, buenos aires, color para llaveros, color resina epoxi, colorante resina, comprar online argentina, comprar pigmentos argentina, concentrado, concentrado color resina, concentrado pleno, envio argentina, pigmento alta concentracion, pigmento metalizado, pigmento opaco, pigmento para resina, pigmento resina, pigmento traslucido, pleno, tinta alcohol resina, tinta resina epoxi";"Pigmento Pleno Premium Para Resina | Advance Coat";;"Advance Coat";SI;;;;
combo-pigmentos-traslucidos;"Combo Pigmentos Traslúcidos";"Pigmentos, Combos Cursos Online";;;;;;;48,000.00;45,500.00;0.80;1.00;1.00;1.00;30;"8 DR";;SI;NO;;"argentina, buenos aires, color para llaveros, color resina epoxi, colorante resina, comprar online argentina, comprar pigmentos argentina, concentrado, concentrado color resina, concentrado de color, envio argentina, pigmento, pigmento alta concentracion, pigmento metalizado, pigmento opaco, pigmento resina, pigmento traslucido, tinta alcohol resina, tinta resina epoxi, translucido";"Combo Pigmentos Traslúcidos | Advance Coat";;"Advance Coat";SI;;;;
combo-bandeja-rectangular;"Combo Bandeja Decorativa - Producto Premium en Resina";"Combos Cursos Online";"CON O SIN BALANZA";"CON BALANZA";;;;;89,500.00;84,000.00;1.30;1.00;1.00;1.00;0;"Bandeja Rectángular + 1 Soporte Bandeja Rectángular + 750 gr + bel blanco y negro + balanza";;NO;NO;;"apoya vasos resina, argentina, bandeja artesanal, bandeja decorativa, bandeja resina, buenos aires, combo advance coat, combo emprendedor, combo resina, combo todo incluido, comprar combo resina argentina, comprar online argentina, envio argentina, kit completo principiantes, kit emprendimiento, kit hobbistas, kit manualidades, kit para empezar, kit para regalar, kit resina epoxi, set resina epoxi";"Combo Bandeja Decorativa | Advance Coat";;"Advance Coat";SI;;;;
combo-bandeja-rectangular;;;"CON O SIN BALANZA";"SIN BALANZA";;;;;79,000.00;74,500.00;1.30;1.00;1.00;1.00;0;"Bandeja Rectángular + Soporte Bandeja Rectángular + 750 gr + bel blanco y negro";;;;;;;;;;;;;
combo-bandeja-triple;"Combo Bandeja Triple - Pieza Premium de Alto Valor";"Combos Cursos Online";"CON O SIN BALANZA";"CON BALANZA";;;;;97,000.00;90,000.00;1.30;1.00;1.00;1.00;9;"Bandeja Triple + 2 Soporte Bandeja Triple + 750 gr + bel blanco y negro + balanza";;NO;NO;;"apoya vasos resina, argentina, bandeja artesanal, bandeja decorativa, bandeja resina, buenos aires, combo advance coat, combo emprendedor, combo resina, combo todo incluido, comprar combo resina argentina, comprar online argentina, envio argentina, kit completo principiantes, kit emprendimiento, kit hobbistas, kit manualidades, kit para empezar, kit para regalar, kit resina epoxi, set resina epoxi";"Combo Bandeja Triple | Advance Coat";;"Advance Coat";SI;;;;
combo-bandeja-triple;;;"CON O SIN BALANZA";"SIN BALANZA";;;;;86,500.00;80,500.00;1.30;1.00;1.00;1.00;10;"Bandeja Triple + 2 Soporte Bandeja Triple + 750 gr + bel blanco y negro";;;;;;;;;;;;;
combo-curso-online-3;"Combo Souvenirs - Recuerdos de Bebé y Chapitas Personalizadas";"Combos Cursos Online";"CON O SIN BALANZA";"CON BALANZA";;;;;56,750.00;52,300.00;0.55;1.00;1.00;1.00;0;"300 Gr + Chapita Perro TRIPLE + Chapita Pie  + Balanza + 3 Esc + 30 Llaveros";;SI;NO;;"aprender resina, aprender resina desde cero, argentina, buenos aires, capacitacion resina, clases resina, clases resina online, como hacer resina epoxi, comprar online argentina, curso advance coat, curso online manualidades, curso para emprender, curso resina epoxi, curso resina online, envio argentina, tutorial resina";"<p>Los regalos que más se venden no son los lindos. Son los que <stro";;"Advance Coat";SI;;;;
combo-curso-online-3;;;"CON O SIN BALANZA";"SIN BALANZA";;;;;46,250.00;42,800.00;0.55;1.00;1.00;1.00;0;"300 Gr + Chapita Perro TRIPLE + Chapita Pie  + 3 Esc + 30 Llaveros";;;;;;;;;;;;;
combo-curso-online-2;"Combo Emprendedora | Resina + Moldes + Llaveros Para Souvenirs";"Combos Cursos Online";;;;;;;55,750.00;53,800.00;0.55;1.00;1.00;1.00;0;"300 Gr + Oráculo + molde para compartir  + plancha dijes + 3 Esc + 30 Llaveros";;SI;NO;;"aprender resina, aprender resina desde cero, argentina, buenos aires, capacitacion resina, clases resina, clases resina online, como hacer resina epoxi, comprar online argentina, curso advance coat, curso online manualidades, curso para emprender, curso resina epoxi, curso resina online, envio argentina, tutorial resina";"Combo Variedad Resina + 2 Moldes + 30 Llaveros | Advance Coat";;"Advance Coat";SI;;;;
combo-curso-online-1;"Combo Inicial Completo - Todo Para Hacer 30 Llaveros y Vender";"Combos Cursos Online";"CON O SIN BALANZA";"CON BALANZA";;;;;61,250.00;58,300.00;0.55;1.00;1.00;1.00;20;"300g + molde oraculo + 1 balanza + 3 escamas + 30 llaveros + 1 DR azul";;SI;NO;;"aprender resina, aprender resina desde cero, argentina, buenos aires, capacitacion resina, clases resina, clases resina online, como hacer resina epoxi, comprar online argentina, curso advance coat, curso online manualidades, curso para emprender, curso resina epoxi, curso resina online, envio argentina, tutorial resina";"Combo Inicial Resina Para 30 Llaveros | Advance Coat";;"Advance Coat";SI;;;;
combo-curso-online-1;;;"CON O SIN BALANZA";"SIN BALANZA";;;;;50,750.00;48,800.00;0.55;1.00;1.00;1.00;20;"300g + molde oraculo + 3 escamas + 30 llaveros + 1 DR azul";;;;;;;;;;;;;
molde-de-plancha-de-ositos;"Molde Silicona Plancha de Ositos - Diseño Kawaii con Ositos";"Moldes de Silicona ";;;;;;;8,000.00;7,500.00;0.02;1.00;1.00;1.00;0;"plancha de ositos";;NO;NO;;"argentina, buenos aires, comprar moldes argentina, comprar online argentina, envio argentina, formas, molde acabado brillante, molde alta calidad, molde de llavero, molde duradero, molde flexible, molde manualidades, molde osito, molde oso, molde para llavero de resina, molde patita, molde profesional, molde resina epoxi, molde reutilizable, molde silicona, molde silicona para resina, molde silicona para resina epoxi, moldes para emprender, moldes para vender, moldes resina, moldes silicona, moldes silicona argentina, osito kawaii, osito resina, ositos, oso, oso peluche resina, osos, plancha de ositos, plancha de osos";"Molde Silicona Plancha de Ositos";"? Molde Silicona Plancha de Ositos de calidad pro. Silicona flexible, acabado brillante. Para llaveros, dijes y bijouterie. Envío gratis +$100K. ¡Empezá hoy!";"Advance Coat";SI;;;;
molde-pie-de-bebe;"Molde Silicona Pie de bebé - para Recuerdos de Bebé";"Moldes de Silicona ";;;;;;;6,500.00;6,000.00;0.01;1.00;1.00;1.00;46;"pie de bebe";;SI;NO;;"argentina, bautismo, bebe, buenos aires, comprar moldes argentina, comprar online argentina, dije, envio argentina, epoxi, molde, molde acabado brillante, molde alta calidad, molde duradero, molde flexible, molde manualidades, molde profesional, molde resina epoxi, molde reutilizable, molde silicona, moldes para emprender, moldes para vender, moldes resina, moldes silicona argentina, pie, pie de bebe, resina, resina epoxi, silicona, souvenir";"Molde Silicona Pie de bebé | Resina Epoxi | Advance Coat";"? Molde Silicona Pie de bebé de calidad pro. Silicona flexible, acabado brillante. Para llaveros, dijes y bijouterie. Envío gratis +$100K. ¡Empezá hoy!";"Advance Coat";SI;;;;
curso-inicial;"Curso Online Resina Epoxi - Aprendé Desde Cero a Profesional";"Cursos de Resina Epoxi";;;;;;;60,000.00;45,000.00;0.00;0.00;0.00;0.00;;cursoinicial;;SI;NO;;"aprender resina, aprender resina desde cero, argentina, buenos aires, capacitacion resina, clases, clases resina, clases resina online, como hacer resina epoxi, comprar online argentina, curso, curso advance coat, curso de resina, curso inicial, curso online, curso online manualidades, curso para emprender, curso resina epoxi, curso resina online, envio argentina, taller, taller online, tutorial resina";"Curso Online Resina Epoxi | Advance Coat";;"Advance Coat";NO;;;;
molde-chapita-de-perro-triple;"Molde Silicona Chapita Perro Triple - para Llaveros Personalizados";"Moldes de Silicona ";;;;;;;5,000.00;;0.02;1.00;1.00;1.00;7;"Chapita Triple";;SI;NO;;"amantes perros, argentina, buenos aires, chapa de perro, chapita, chapita de hueso, chapita mascota, chapita resina, chapita triple, comprar moldes argentina, comprar online argentina, dog lover, envio argentina, hueso, mascotas resina, molde acabado brillante, molde alta calidad, molde duradero, molde flexible, molde identificacion, molde llavero, molde manualidades, molde para llaveros, molde para resina, molde profesional, molde resina epoxi, molde reutilizable, molde silicona, molde silicona para resina, moldes para emprender, moldes para vender, moldes resina, moldes silicona argentina, perros resina, placa identificacion";"Molde Silicona Chapita Perro Triple";"? Molde Silicona Chapita Perro Triple de calidad pro. Silicona flexible, acabado brillante. Para llaveros, dijes y bijouterie. Envío gratis +$100K. ¡Empezá hoy!";"Advance Coat";SI;;;;
molde-de-soporte-pequeno-para-celular;"Molde Silicona Soporte Pequeño Para Celular - Soporte Celular Original";"Moldes de Silicona ";;;;;;;6,500.00;;0.02;1.00;1.00;1.00;0;"Soporte Pequeño Celular";;NO;NO;;"argentina, buenos aires, celular, comprar moldes argentina, comprar online argentina, envio argentina, molde acabado brillante, molde alta calidad, molde de soporte, molde de soporte de celular, molde duradero, molde flexible, molde manualidades, molde profesional, molde resina epoxi, molde reutilizable, molde silicona, molde silicona para resina, molde silicona para resina epoxi, moldes para emprender, moldes para vender, moldes resina, moldes silicona, moldes silicona argentina, porta celular, silicona, soporte, soporte de celular, soporte para celular";"Molde Silicona Soporte Pequeño Para Celular";"? Molde Silicona Soporte Pequeño Para Celular de calidad pro. Silicona flexible, acabado brillante. Para llaveros, dijes y bijouterie. Envío gratis +$100K. ¡...";"Advance Coat";SI;;;;
molde-de-soporte-para-celular;"Molde Silicona Soporte Para Celular - Diseño Original";"Moldes de Silicona ";;;;;;;15,000.00;13,000.00;0.08;2.00;2.00;2.00;9;"Soporte Celular";;SI;NO;;"argentina, buenos aires, celular, comprar moldes argentina, comprar online argentina, envio argentina, molde acabado brillante, molde alta calidad, molde de soporte, molde de soporte de celular, molde duradero, molde flexible, molde manualidades, molde profesional, molde resina epoxi, molde reutilizable, molde silicona, molde silicona para resina, molde silicona para resina epoxi, moldes para emprender, moldes para vender, moldes resina, moldes silicona, moldes silicona argentina, porta celular, silicona, soporte, soporte de celular, soporte para celular";"Molde Silicona Soporte Para Celular";"? Molde Silicona Soporte Para Celular de calidad pro. Silicona flexible, acabado brillante. Para llaveros, dijes y bijouterie. Envío gratis +$100K. ¡Empezá hoy!";"Advance Coat";SI;;;;
molde-defensa-personal;"Molde Silicona Defensa Personal - Diseño Defensa Personal";"Moldes de Silicona ";;;;;;;8,500.00;7,500.00;0.10;2.00;2.00;2.00;1;"Molde defensa personal";;SI;NO;;"argentina, arma, buenos aires, comprar moldes argentina, comprar online argentina, cuchillo, daga, defensa, defensa personal, envio argentina, manopla, molde acabado brillante, molde alta calidad, molde de cuchillo, molde de daga, molde de defensa personal, molde de silicona, molde defensa, molde duradero, molde flexible, molde gatito defensa personal para resina, molde manualidades, molde para resina, molde para resina epoxi, molde profesional, molde resina epoxi, molde reutilizable, molde silicona, moldes para emprender, moldes para vender, moldes resina, moldes silicona argentina, personal";"Molde Silicona Defensa Personal";"? Molde Silicona Defensa Personal de calidad pro. Silicona flexible, acabado brillante. Para llaveros, dijes y bijouterie. Envío gratis +$100K. ¡Empezá hoy!";"Advance Coat";SI;;;;
molde-para-hacer-joyas;"Molde Silicona para hacer Joyas - Para Dijes Artesanales";"Moldes de Silicona ";;;;;;;5,500.00;5,000.00;0.03;2.00;2.00;2.00;97;"Molde joyas";;SI;NO;;"argentina, buenos aires, comprar moldes argentina, comprar online argentina, envio argentina, joya, joyas, molde, molde acabado brillante, molde alta calidad, molde de silicona, molde duradero, molde flexible, molde joyas, molde manualidades, molde para hacer joyas, molde para joyas, molde profesional, molde resina epoxi, molde reutilizable, molde silicona, moldes para emprender, moldes para vender, moldes resina, moldes silicona argentina, silicona";"Molde Silicona para hacer Joyas";"? Molde Silicona para hacer Joyas de calidad pro. Silicona flexible, acabado brillante. Para llaveros, dijes y bijouterie. Envío gratis +$100K. ¡Empezá hoy!";"Advance Coat";SI;;;;
mano-fatima;"Molde Silicona Mano de Fátima - Diseño Premium en Resina";"Moldes de Silicona ";;;;;;;6,500.00;;0.05;2.00;2.00;1.00;12;"Molde mano fatima";;SI;NO;;"argentina, buenos aires, comprar moldes argentina, comprar online argentina, envio argentina, fatima, mano, mano fatima, manos, manos fatima, molde acabado brillante, molde alta calidad, molde duradero, molde flexible, molde manualidades, molde profesional, molde resina epoxi, molde reutilizable, molde silicona, molde silicona para resina, molde silicona para resina epoxi, moldes para emprender, moldes para vender, moldes resina, moldes silicona, moldes silicona argentina, silicona";"Molde Silicona Mano de Fátima | Resina Epoxi | Advance Coat";"? Molde Silicona Mano de Fátima de calidad pro. Silicona flexible, acabado brillante. Para llaveros, dijes y bijouterie. Envío gratis +$100K. ¡Empezá hoy!";"Advance Coat";SI;;;;
molde-mariposas;"Molde Silicona Mariposas - Diseño Primaveral";"Moldes de Silicona ";;;;;;;8,000.00;7,500.00;0.05;1.00;1.00;2.00;0;"Molde mariposas";;NO;NO;;"argentina, aros mariposa, buenos aires, comprar moldes argentina, comprar online argentina, envio argentina, mariposa, mariposa llavero, mariposas, mariposas resina, molde acabado brillante, molde alta calidad, molde de mariposa, molde duradero, molde flexible, molde manualidades, molde mariposa, molde mariposas, molde profesional, molde resina epoxi, molde reutilizable, molde silicona, molde silicona para resina, molde silicona para resina epoxi, moldes para emprender, moldes para vender, moldes resina, moldes silicona, moldes silicona argentina, primavera resina, silicona, varias mariposas";"Molde Silicona Mariposas | Resina Epoxi | Advance Coat";"? Molde Silicona Mariposas de calidad pro. Silicona flexible, acabado brillante. Para llaveros, dijes y bijouterie. Envío gratis +$100K. ¡Empezá hoy!";"Advance Coat";SI;;;;
molde-corazones;"Molde Silicona Corazones - Diseño Romántico";"Moldes de Silicona ";;;;;;;10,000.00;7,500.00;0.03;1.00;1.00;1.00;44;"Molde corazones";;SI;NO;;"argentina, bandeja, bandejita corazon, buenos aires, comprar moldes argentina, comprar online argentina, corazon, corazon llavero, corazon resina, corazones, envio argentina, molde acabado brillante, molde alta calidad, molde corazon, molde corazones, molde de corazones, molde duradero, molde flexible, molde manualidades, molde profesional, molde resina epoxi, molde reutilizable, molde silicona, molde silicona para resina, molde silicona para resina epoxi, moldes para emprender, moldes para vender, moldes resina, moldes silicona, moldes silicona argentina, regalo amor, silicona, varios corazones";"Molde Silicona Corazones | Resina Epoxi | Advance Coat";"? Molde Silicona Corazones de calidad pro. Silicona flexible, acabado brillante. Para llaveros, dijes y bijouterie. Envío gratis +$100K. ¡Empezá hoy!";"Advance Coat";SI;;;;
molde-de-ajedrez;"Molde Silicona Ajedrez - Set de Juegos en Resina";"Moldes de Silicona ";;;;;;;6,500.00;;0.05;2.00;2.00;2.00;0;"Molde de Ajedrez";;SI;NO;;"ajedrez, ajedrez decorativo, ajedrez resina, argentina, buenos aires, comprar moldes argentina, comprar online argentina, envio argentina, juego ajedrez, molde, molde acabado brillante, molde ajedrez, molde alta calidad, molde de ajedrez, molde de silicona, molde duradero, molde flexible, molde manualidades, molde profesional, molde resina epoxi, molde reutilizable, molde silicona, moldes para emprender, moldes para vender, moldes resina, moldes silicona argentina, pieza, piezas";"Molde Silicona Ajedrez | Resina Epoxi | Advance Coat";"? Molde Silicona Ajedrez de calidad pro. Silicona flexible, acabado brillante. Para llaveros, dijes y bijouterie. Envío gratis +$100K. ¡Empezá hoy!";"Advance Coat";SI;;;;
molde-diversion;"Molde Silicona Diversión - Diseño Divertido";"Moldes de Silicona ";;;;;;;8,500.00;;0.10;1.00;1.00;5.00;0;"Molde diversion";;NO;NO;;"argentina, buenos aires, caballito, caballo, cola de sirena, colgante, comprar moldes argentina, comprar online argentina, delfin, dijes, envio argentina, llaveros, luna, lunita, molde acabado brillante, molde alta calidad, molde de colgante, molde de dije, molde de llavero, molde de silicona, molde de silicona para resina, molde duradero, molde flexible, molde manualidades, molde para llavero, molde para llaveros, molde para resina epoxi, molde profesional, molde resina epoxi, molde reutilizable, molde silicona, moldes para emprender, moldes para vender, moldes resina, moldes silicona argentina";"Molde Silicona Diversión | Resina Epoxi | Advance Coat";"? Molde Silicona Diversión de calidad pro. Silicona flexible, acabado brillante. Para llaveros, dijes y bijouterie. Envío gratis +$100K. ¡Empezá hoy!";"Advance Coat";SI;;;;
molde-de-patita-con-corazon;"Molde Silicona Patita con Corazón - Diseño Romántico";"Moldes de Silicona ";;;;;;;5,000.00;;0.03;1.00;1.00;1.00;0;"Molde Patita con corazon";;NO;NO;;"argentina, brillante, buenos aires, comprar moldes argentina, comprar online argentina, corazon dije, corazon llavero, corazon resina, dije de patita, envio argentina, formas, garra, huellitas resina, mascotas resina, molde acabado brillante, molde alta calidad, molde de pata con corazon, molde de patitas, molde de perrito, molde de perro, molde duradero, molde flexible, molde garra, molde manualidades, molde profesional, molde resina epoxi, molde reutilizable, molde silicona, moldes para emprender, moldes para vender, moldes resina, moldes silicona argentina, patitas resina, regalo parejas, san valentin";"Molde Silicona Patita con Corazón";"? Molde Silicona Patita con Corazón de calidad pro. Silicona flexible, acabado brillante. Para llaveros, dijes y bijouterie. Envío gratis +$100K. ¡Empezá hoy!";"Advance Coat";SI;;;;
molde-porta-sube;"Molde Silicona Porta Sube - Porta Tarjetas Original";"Moldes de Silicona ";;;;;;;5,500.00;5,000.00;0.05;2.00;2.00;2.00;12;"Molde Porta Sube";;SI;NO;;"argentina, buenos aires, comprar moldes argentina, comprar online argentina, envio argentina, molde acabado brillante, molde alta calidad, molde de tarjeta, molde de tarjeta sube, molde duradero, molde flexible, molde manualidades, molde para sube, molde para tarjeta, molde para tarjeta sube, molde porta sube, molde profesional, molde resina epoxi, molde reutilizable, molde silicona, molde silicona para resina, molde silicona para resina epoxi, molde sube, molde tarjeta, moldes para emprender, moldes para vender, moldes resina, moldes silicona, moldes silicona argentina, porta sube, silicona, sube, tarjeta";"Molde Silicona Porta Sube | Resina Epoxi | Advance Coat";"? Molde Silicona Porta Sube de calidad pro. Silicona flexible, acabado brillante. Para llaveros, dijes y bijouterie. Envío gratis +$100K. ¡Empezá hoy!";"Advance Coat";SI;;;;
manijas-para-bandeja;"Manijas para Bandejas - Toque Profesional en Tus Piezas";"Moldes de Silicona ";;;;;;;5,500.00;;0.05;2.00;2.00;2.00;0;"Molde Manijas de Bandeja Rectangular";;NO;NO;;"accesorios para emprender, accesorios resina, advance coat, apoya vasos resina, argentina, bandeja, bandeja artesanal, bandeja decorativa, bandeja resina, bandejita rectangular, buenos aires, comprar online argentina, envio argentina, herramientas profesionales, herramientas resina epoxi, insumos manualidades, molde bandeja rectangular, molde silicona, molde silicona para resina, molde silicona para resina epoxi, moldes silicona, rectangular, silicona, soporte, soporte de bandeja, soporte de bandeja rectangular, utiles resina";"Manijas para Bandejas | Advance Coat";;"Advance Coat";SI;;;;
molde-de-cajita-circular;"Molde Silicona Cajita Circular - para Cajitas y Joyeros";"Moldes de Silicona ";;;;;;;9,000.00;8,500.00;0.08;1.00;1.00;1.00;15;"Molde cajita circular";;SI;NO;;"argentina, buenos aires, caja con forma circular para resina epoxi, cajita, cajita regalo, cajitas resina, circular, circulo, comprar moldes argentina, comprar online argentina, envio argentina, formas, hexagonales, joyeros resina, molde acabado brillante, molde alta calidad, molde de caja, molde de cajita circular, molde de circulo, molde duradero, molde flexible, molde llavero, molde manualidades, molde profesional, molde resina epoxi, molde reutilizable, molde silicona, molde silicona para resina, molde silicona para resina epoxi, moldes para emprender, moldes para vender, moldes resina, moldes silicona, moldes silicona argentina, packaging artesanal";"Molde Silicona Cajita Circular | Resina Epoxi | Advance Coat";"? Molde Silicona Cajita Circular de calidad pro. Silicona flexible, acabado brillante. Para llaveros, dijes y bijouterie. Envío gratis +$100K. ¡Empezá hoy!";"Advance Coat";SI;;;;
molde-apoya-vasos-geoda;"Molde Silicona Apoya Vasos Geoda - para Apoya Vasos Originales";"Moldes de Silicona ";;;;;;;5,500.00;;0.05;2.00;5.00;5.00;0;"Molde Apoya vasos Geoda";;NO;NO;;"apoya vasos, apoya vasos decorativos, apoya vasos geoda, apoya vasos para vender, apoya vasos resina, argentina, buenos aires, circulos, comprar moldes argentina, comprar online argentina, envio argentina, formas, geoda, molde acabado brillante, molde alta calidad, molde circular, molde duradero, molde flexible, molde manualidades, molde para llaveros, molde profesional, molde resina epoxi, molde reutilizable, molde silicona, molde silicona para resina, molde silicona para resina epoxi, moldes para emprender, moldes para vender, moldes resina, moldes silicona, moldes silicona argentina, posavasos resina, silicona";"Molde Silicona Apoya Vasos Geoda";"? Molde Silicona Apoya Vasos Geoda de calidad pro. Silicona flexible, acabado brillante. Para llaveros, dijes y bijouterie. Envío gratis +$100K. ¡Empezá hoy!";"Advance Coat";SI;;;;
pack-de-3-piramides-molde-de-silicona-resina-epoxi;"Pack de 3 Piramides Molde de Silicona";"Moldes de Silicona ";;;;;;;16,500.00;15,000.00;0.10;1.00;1.00;1.00;0;"pack 3 piramides";;NO;NO;;"3 piramides, argentina, buenos aires, comprar moldes argentina, comprar online argentina, envio argentina, lampara piramidal, molde acabado brillante, molde alta calidad, molde de orgonita, molde de piramide, molde de piramides, molde duradero, molde flexible, molde manualidades, molde para resina, molde piramides, molde profesional, molde resina epoxi, molde reutilizable, molde silicona, molde silicona piramide, moldes para emprender, moldes para vender, moldes resina, moldes silicona argentina, orgon, orgonita, pack 3 piramides, piramide, piramide decorativa, piramide esoterica, piramide resina, piramides, resina epox";"Pack de 3 Piramides Molde de Silicona";"? Pack de 3 Piramides Molde de Silicona de calidad pro. Silicona flexible, acabado brillante. Para llaveros, dijes y bijouterie. Envío gratis +$100K. ¡Empezá...";"Advance Coat";SI;;;;
molde-de-cajita-cuadrada;"Molde Silicona Cajita Cuadrada - Cajitas y Joyeros";"Moldes de Silicona ";;;;;;;9,000.00;8,500.00;0.10;1.00;1.00;1.00;4;"Molde cajita cuadrada";;SI;NO;;"argentina, buenos aires, caja con forma hexagonal para resina epoxi, cajita, cajita regalo, cajitas resina, comprar moldes argentina, comprar online argentina, cuadrada, cuadrado, envio argentina, formas, hexagonales, joyeros resina, molde acabado brillante, molde alta calidad, molde de caja, molde de cajita cuadrada, molde de cuadrado, molde duradero, molde flexible, molde llavero, molde manualidades, molde profesional, molde resina epoxi, molde reutilizable, molde silicona, molde silicona para resina, molde silicona para resina epoxi, moldes para emprender, moldes para vender, moldes resina, moldes silicona, moldes silicona argentina, packaging artesanal";"Molde Silicona Cajita Cuadrada | Resina Epoxi | Advance Coat";"? Molde Silicona Cajita Cuadrada de calidad pro. Silicona flexible, acabado brillante. Para llaveros, dijes y bijouterie. Envío gratis +$100K. ¡Empezá hoy!";"Advance Coat";SI;;;;
molde-de-cajita-hexagonal;"Molde Silicona Cajita Hexagonal - Cajitas y Joyeros";"Moldes de Silicona ";;;;;;;8,500.00;;0.10;1.00;1.00;1.00;0;"Molde cajita hexagonal";;NO;NO;;"argentina, buenos aires, caja con forma hexagonal para resina epoxi, cajita, cajita regalo, cajitas resina, comprar moldes argentina, comprar online argentina, envio argentina, formas, hexagonal, hexagonales, hexagono, joyeros resina, molde acabado brillante, molde alta calidad, molde de caja, molde de cajita hexagonal, molde de hexagono, molde duradero, molde flexible, molde llavero, molde manualidades, molde profesional, molde resina epoxi, molde reutilizable, molde silicona, molde silicona para resina, molde silicona para resina epoxi, moldes para emprender, moldes para vender, moldes resina, moldes silicona, moldes silicona argentina, packaging artesanal";"Molde Silicona Cajita Hexagonal";"? Molde Silicona Cajita Hexagonal de calidad pro. Silicona flexible, acabado brillante. Para llaveros, dijes y bijouterie. Envío gratis +$100K. ¡Empezá hoy!";"Advance Coat";SI;;;;
molde-bandeja-corazon;"Molde Silicona Bandeja Corazón - Bandejas Decorativas";"Moldes de Silicona ";;;;;;;9,000.00;7,500.00;0.10;1.00;1.00;1.00;4;"Molde Bandeja Corazón";;SI;NO;;"apoya vasos resina, argentina, bandeja, bandeja artesanal, bandeja decorativa, bandeja resina, bandejita corazon, buenos aires, comprar moldes argentina, comprar online argentina, corazon, corazon dije, corazon llavero, corazon resina, envio argentina, molde acabado brillante, molde alta calidad, molde bandeja corazon, molde duradero, molde flexible, molde manualidades, molde profesional, molde resina epoxi, molde reutilizable, molde silicona, molde silicona para resina, molde silicona para resina epoxi, moldes para emprender, moldes para vender, moldes resina, moldes silicona, moldes silicona argentina, regalo parejas, san valentin, silicona";"Molde Silicona Bandeja Corazón | Resina Epoxi | Advance Coat";"? Molde Silicona Bandeja Corazón de calidad pro. Silicona flexible, acabado brillante. Para llaveros, dijes y bijouterie. Envío gratis +$100K. ¡Empezá hoy!";"Advance Coat";SI;;;;
llaveros-reforzados-para-resina-epoxi-10-unidades;"Llaveros Reforzados Para Resina Epoxi 10 unidades";"Extras Para Resina";;;;;;;5,000.00;4,500.00;0.02;1.00;1.00;1.00;47;"10 llaveros reforzados";;SI;NO;;"arandela, argentina, argolla, buenos aires, como hacer llaveros, comprar online argentina, comprar resina online, donde comprar resina, envio argentina, kit llavero, llavero, llaveros, llaveros para vender, llaveros personalizados, llaveros resina, mini piton, minipiton, molde llaveros, resina advance coat, resina alta calidad, resina argentina, resina argentina envio, resina cristal, resina epoxi, resina epoxi cristal, resina manualidades argentina, resina para dijes, resina para emprender, resina para hacer accesorios, resina para llaveros, resina profesional, resina sin burbujas, resina transparente";"Llaveros Reforzados Para Resina Epoxi 10 unidades";"? Llaveros Reforzados Para Resina Epoxi 10 unidades cristal sin burbujas. La elegida por +5000 emprendedoras. Envío gratis +$100K. 12 cuotas sin interés. ¡Co...";"Advance Coat";SI;;;;
combo-para-hacer-anillos;"Combo Anillos Artesanales - Bisutería Única en Resina";Combos;;;;;;;25,500.00;22,000.00;0.25;1.00;1.00;1.00;0;"150g + molde anillos + 3 escamas";;NO;NO;;"acero, acero quirugico, advance coat, agregado, anillo, anillos, anillos artesanales, anillos resina, argentina, balanza y vaso, base, base anillo, base anillos, bases, bases anillos, bases para dijes, bisuteria anillos, buenos aires, circulo, circulos, combo advance coat, combo emprendedor, combo resina, combo todo incluido, comprar combo resina argentina, comprar online argentina, envio argentina, kit completo principiantes, kit emprendimiento, kit hobbistas, kit manualidades, kit para empezar, kit para regalar, kit resina epoxi, set resina epoxi";"Combo Anillos Artesanales | Advance Coat";;"Advance Coat";SI;;;;
combo-para-hacer-senaladores;"Combo Señaladores - Regalos Originales Para Lectores";"Combos > Otros combos";;;;;;;32,100.00;28,000.00;0.25;1.00;1.00;1.00;0;"150g + pack 3 señaladores + 3 escamas";;NO;NO;;"argentina, buenos aires, combo, combo advance coat, combo emprendedor, combo resina, combo todo incluido, comprar combo resina argentina, comprar online argentina, envio argentina, kit completo principiantes, kit emprendimiento, kit hobbistas, kit manualidades, kit para empezar, kit para regalar, kit resina epoxi, molde, resina epoxi, resina mas vaso, senaladores artesanales, senaladores libros, senaladores resina, set resina epoxi, silicona, vaso de silicona, vaso medidor";"Combo Señaladores | Advance Coat";;"Advance Coat";SI;;;;
combo-para-hacer-llaveros-de-letras-basico;"Combo Llaveros con Letras - Kit Inicial para Empezar";"Combos > Combos iniciales, Combos > Combos para hacer llaveros";;;;;;;40,000.00;35,000.00;0.45;1.00;10.00;15.00;49;"150g + molde letras grande + 3 escamas + 10 llaveros + pitones";;SI;NO;;"150g, advance coat, argentina, buenos aires, combo, combo advance coat, combo emprendedor, combo resina, combo todo incluido, como hacer llaveros, comprar combo resina argentina, comprar online argentina, descuento, dijes, envio argentina, kit completo principiantes, kit emprendimiento, kit hobbistas, kit incial, kit manualidades, kit para empezar, kit para regalar, kit resina epoxi, letras resina, llaveros, llaveros con nombres, llaveros para vender, llaveros personalizados, llaveros resina, molde, molde letras, molde llaveros, nombres personalizados, palabras resina, set resina epoxi";"Combo Llaveros con Letras | Advance Coat";;"Advance Coat";SI;;;;
combo-para-hacer-dijes;"Combo Dijes y Colgantes - Crea Joyería Artesanal Única";"Combos > Combos iniciales, Combos > Combos para hacer dijes";;;;;;;40,900.00;36,000.00;0.35;1.00;1.00;1.00;30;"150g + pack 5 moldes + 3 escamas + 3 glitter + 10 llaveros";;SI;NO;;"argentina, buenos aires, combo, combo advance coat, combo emprendedor, combo resina, combo todo incluido, comprar combo resina argentina, comprar online argentina, dije, dijes, dijes artesanales, dijes para collares, dijes para emprender, dijes resina epoxi, envio argentina, kit completo principiantes, kit emprendimiento, kit hobbistas, kit manualidades, kit para empezar, kit para regalar, kit resina epoxi, llaveros, molde, molde de dijes, molde dijes, moldes silicona, pack, resina epoxi, set resina epoxi, silicona";"Combo Dijes y Colgantes | Advance Coat";;"Advance Coat";SI;;;;
combo-para-hacer-lapiceras;"Combo Lapiceras Personalizadas - Regalos y Souvenirs Únicos";"Combos > Combos iniciales, Combos > Otros combos";;;;;;;33,000.00;31,000.00;0.35;1.00;1.00;1.00;5;"150g + 2 lapiceras + 3 escamas";;SI;NO;;"argentina, buenos aires, combo, combo advance coat, combo emprendedor, combo resina, combo todo incluido, comprar combo resina argentina, comprar online argentina, envio argentina, kit completo principiantes, kit emprendimiento, kit hobbistas, kit manualidades, kit para empezar, kit para regalar, kit resina epoxi, lapiceras corporativas, lapiceras personalizadas, lapiceras regalo, lapiceras resina, molde, resina epoxi, resina mas vaso, set resina epoxi, silicona, vaso de silicona, vaso medidor";"Combo Lapiceras Personalizadas | Advance Coat";;"Advance Coat";SI;;;;
combo-ideal-para-hacer-llaveros;"Combo Ideal Llaveros - El Más Vendido Para Principiantes";"Combos > Combos para hacer llaveros";;;;;;;47,000.00;42,000.00;0.55;1.00;1.00;1.00;82;"300g + molde para compartir + plancha dijes + 3 escamas + 10 llaveros";;SI;NO;;"300 gr, advance coat, argentina, buenos aires, combo, combo advance coat, combo emprendedor, combo resina, combo todo incluido, como hacer llaveros, comprar combo resina argentina, comprar online argentina, descuento, dijes, envio argentina, kit completo principiantes, kit emprendimiento, kit hobbistas, kit incial, kit manualidades, kit para empezar, kit para regalar, kit resina epoxi, llaveros, llaveros para vender, llaveros personalizados, llaveros resina, molde, molde llaveros, moldes silicona, principiante, promocion, resina cristal, resina de 300 gramos, set resina epoxi";"Combo Ideal Llaveros | Advance Coat";;"Advance Coat";SI;;;;
resina-epoxi-cristal-glass-1kg;"Resina Epoxi Cristal 1kg - Para Producción Continua";"Resinas Epoxi > Resina Epoxi Cristal, Combos Cursos Online";;;;;;;65,000.00;60,000.00;1.30;1.00;1.00;1.00;912;"750g + 300g";;SI;NO;;"1 kg, 1.5, 1.5kg, 1kg, argentina, buenos aires, comprar online argentina, comprar resina online, donde comprar resina, envio argentina, kit resina 1.5kg, resina advance coat, resina alta calidad, resina argentina, resina argentina envio, resina cristal, resina de 1.5kg, resina epoxi, resina epoxi cristal, resina epoxica 1.5kg, resina manualidades argentina, resina para accesorios, resina para anillos, resina para dijes, resina para emprender, resina para fundas, resina para hacer accesorios, resina para llaveros, resina para mesas, resina profesional, resina sin burbujas, resina transparente";"Resina Epoxi Cristal 1kg | Calidad Pro | Advance Coat";"? Resina Epoxi Cristal 1kg cristal sin burbujas. La elegida por +5000 emprendedoras. Envío gratis +$100K. 12 cuotas sin interés. ¡Comprá ahora!";"Advance Coat";SI;;;;
molde-para-encapsular-con-resina-epoxi;"Molde para Encapsular con Resina Epoxi";"Moldes de Silicona ";;;;;;;9,500.00;;0.15;1.00;1.00;1.00;0;"molde 4 cilindros";;NO;NO;;"4 cilindros, argentina, buenos aires, cilindro, cilindros, circulo, comprar online argentina, comprar resina online, donde comprar resina, envio argentina, forma, formas, molde silicona, molde silicona para resina, molde silicona para resina epoxi, moldes silicona, resina advance coat, resina alta calidad, resina argentina, resina argentina envio, resina cristal, resina epoxi, resina epoxi cristal, resina manualidades argentina, resina para dijes, resina para emprender, resina para hacer accesorios, resina para llaveros, resina profesional, resina sin burbujas, resina transparente, silicona";"Molde para Encapsular con Resina Epoxi | Advance Coat";"? Molde para Encapsular con Resina Epoxi cristal sin burbujas. La elegida por +5000 emprendedoras. Envío gratis +$100K. 12 cuotas sin interés. ¡Comprá ahora!";"Advance Coat";SI;;;;
molde-de-gatitos;"Molde Silicona Gatitos - para Amantes de Mascotas";"Moldes de Silicona ";;;;;;;4,500.00;;0.05;1.00;1.00;1.00;0;"Molde Gatitos";;NO;NO;;"argentina, brillante, buenos aires, comprar moldes argentina, comprar online argentina, dije de patita, envio argentina, formas, garra, molde acabado brillante, molde alta calidad, molde de patitas, molde de perrito, molde de perro, molde duradero, molde flexible, molde garra, molde manualidades, molde para llaveros, molde patitas, molde perrito, molde perro, molde profesional, molde resina epoxi, molde reutilizable, molde silicona, molde silicona para resina, molde silicona para resina epoxi, moldes para emprender, moldes para vender, moldes resina, moldes silicona, moldes silicona argentina, opaco, pata";"Molde Silicona Gatitos | Resina Epoxi | Advance Coat";"? Molde Silicona Gatitos de calidad pro. Silicona flexible, acabado brillante. Para llaveros, dijes y bijouterie. Envío gratis +$100K. ¡Empezá hoy!";"Advance Coat";SI;;;;
molde-cruz;"Molde Silicona Cruz - Para Dijes Artesanales";"Moldes de Silicona ";;;;;;;4,500.00;;0.02;1.00;1.00;1.00;3;"molde cruz";;NO;NO;;"argentina, buenos aires, colgante de cruz, collares, comprar moldes argentina, comprar online argentina, cruz, cruz colgante, cruz religiosa, cruz resina, dije, dijes, envio argentina, formas, llavero de cruz, molde acabado brillante, molde alta calidad, molde cruz, molde de cruz, molde duradero, molde flexible, molde llavero, molde manualidades, molde para llaveros, molde profesional, molde resina epoxi, molde reutilizable, molde silicona, molde silicona para resina, molde silicona para resina epoxi, moldes para emprender, moldes para vender, moldes resina, moldes silicona, moldes silicona argentina";"Molde Silicona Cruz | Resina Epoxi | Advance Coat";"? Molde Silicona Cruz de calidad pro. Silicona flexible, acabado brillante. Para llaveros, dijes y bijouterie. Envío gratis +$100K. ¡Empezá hoy!";"Advance Coat";SI;;;;
molde-de-oso-3d;"Molde Silicona Oso 3D - para Amantes de Mascotas";"Moldes de Silicona ";;;;;;;7,500.00;;0.08;1.00;1.00;2.00;0;"Molde oso 3D";;NO;NO;;"acabado impresion 3d, animal, argentina, buenos aires, comprar moldes argentina, comprar online argentina, envio argentina, formas, mascotas resina, molde, molde acabado brillante, molde alta calidad, molde de llavero, molde de oso, molde duradero, molde flexible, molde manualidades, molde osito, molde oso, molde para llavero de resina, molde profesional, molde resina epoxi, molde reutilizable, molde silicona, molde silicona para resina, molde silicona para resina epoxi, moldes para emprender, moldes para vender, moldes resina, moldes silicona, moldes silicona argentina, osito, oso resina, recubrimiento 3d, resina 3d";"Molde Silicona Oso 3D | Resina Epoxi | Advance Coat";"? Molde Silicona Oso 3D de calidad pro. Silicona flexible, acabado brillante. Para llaveros, dijes y bijouterie. Envío gratis +$100K. ¡Empezá hoy!";"Advance Coat";SI;;;;
molde-bandeja-rectangular;"Molde Silicona Bandeja Rectangular - Bandejas Decorativas";"Moldes de Silicona ";;;;;;;15,000.00;;0.20;1.00;1.00;1.00;0;"Molde Bandeja Rectangular";;NO;NO;;"apoya vasos resina, argentina, bandeja, bandeja artesanal, bandeja decorativa, bandeja resina, bandejita rectangular, buenos aires, comprar moldes argentina, comprar online argentina, envio argentina, molde acabado brillante, molde alta calidad, molde bandeja rectangular, molde duradero, molde flexible, molde manualidades, molde profesional, molde resina epoxi, molde reutilizable, molde silicona, molde silicona para resina, molde silicona para resina epoxi, moldes para emprender, moldes para vender, moldes resina, moldes silicona, moldes silicona argentina, rectangular, silicona";"Molde Silicona Bandeja Rectangular";"? Molde Silicona Bandeja Rectangular de calidad pro. Silicona flexible, acabado brillante. Para llaveros, dijes y bijouterie. Envío gratis +$100K. ¡Empezá hoy!";"Advance Coat";SI;;;;
molde-de-gato-3d;"Molde Silicona Gato 3D - Amantes de Mascotas";"Moldes de Silicona ";;;;;;;8,500.00;;0.08;1.00;1.00;1.00;0;"Molde gato 3D";;NO;NO;;"acabado impresion 3d, amantes gatos, animal, argentina, buenos aires, cat lover, comprar moldes argentina, comprar online argentina, envio argentina, formas, gatito, gato, gatos resina, molde, molde acabado brillante, molde alta calidad, molde de gato, molde de llavero, molde duradero, molde flexible, molde gatito, molde gato, molde manualidades, molde para llavero de resina, molde profesional, molde resina epoxi, molde reutilizable, molde silicona, molde silicona para resina, moldes para emprender, moldes para vender, moldes resina, moldes silicona argentina, recubrimiento 3d, resina 3d";"Molde Silicona Gato 3D | Resina Epoxi | Advance Coat";"? Molde Silicona Gato 3D de calidad pro. Silicona flexible, acabado brillante. Para llaveros, dijes y bijouterie. Envío gratis +$100K. ¡Empezá hoy!";"Advance Coat";SI;;;;
molde-athena-para-dijes-colgantes;"Molde Silicona Athena para Dijes Colgantes - Para Dijes Artesanales";"Moldes de Silicona ";;;;;;;7,500.00;;0.05;1.00;1.00;1.00;86;"Molde athena";;SI;NO;;"argentina, buenos aires, chapita, colgante, colgantes, comprar moldes argentina, comprar online argentina, dije, dijes, dijes artesanales, dijes para collares, dijes para emprender, dijes resina epoxi, envio argentina, formas, llavero, llaveros, molde acabado brillante, molde alta calidad, molde dijes, molde duradero, molde flexible, molde llavero, molde manualidades, molde para colgante, molde para dijes, molde para llaveros, molde profesional, molde resina epoxi, molde reutilizable, molde silicona, moldes para emprender, moldes para vender, moldes resina, moldes silicona argentina";"Molde Silicona Athena para Dijes Colgantes";"? Molde Silicona Athena para Dijes Colgantes de calidad pro. Silicona flexible, acabado brillante. Para llaveros, dijes y bijouterie. Envío gratis +$100K. ¡E...";"Advance Coat";SI;;;;
molde-oraculo-para-dijes-colgantes;"Molde Silicona Oráculo para Dijes Colgantes - Para Dijes Artesanales";"Moldes de Silicona ";;;;;;;6,500.00;;0.05;1.00;1.00;1.00;93;"Molde oráculo";;SI;NO;;"argentina, buenos aires, chapita, colgante, colgantes, comprar moldes argentina, comprar online argentina, dije, dijes, dijes artesanales, dijes para collares, dijes para emprender, dijes resina epoxi, envio argentina, formas, llavero, llaveros, molde acabado brillante, molde alta calidad, molde dijes, molde duradero, molde flexible, molde llavero, molde manualidades, molde para colgante, molde para dijes, molde para llaveros, molde profesional, molde resina epoxi, molde reutilizable, molde silicona, moldes para emprender, moldes para vender, moldes resina, moldes silicona argentina";"Molde Silicona Oráculo para Dijes Colgantes";"? Molde Silicona Oráculo para Dijes Colgantes de calidad pro. Silicona flexible, acabado brillante. Para llaveros, dijes y bijouterie. Envío gratis +$100K. ¡...";"Advance Coat";SI;;;;
molde-de-patitas-para-llaveros;"Molde Silicona Patitas para Llaveros - Llaveros Personalizados";"Moldes de Silicona ";;;;;;;8,500.00;7,000.00;0.05;1.00;1.00;1.00;12;"Molde Patitas";;SI;NO;;"argentina, brillante, buenos aires, como hacer llaveros, comprar moldes argentina, comprar online argentina, dije de patita, envio argentina, formas, garra, huellitas resina, llaveros para vender, llaveros personalizados, llaveros resina, mascotas resina, molde acabado brillante, molde alta calidad, molde de patitas, molde de perrito, molde de perro, molde duradero, molde flexible, molde garra, molde llaveros, molde manualidades, molde para llaveros, molde profesional, molde resina epoxi, molde reutilizable, molde silicona, moldes para emprender, moldes para vender, moldes resina, moldes silicona argentina, patitas resina";"Molde Silicona Patitas para Llaveros";"? Molde Silicona Patitas para Llaveros de calidad pro. Silicona flexible, acabado brillante. Para llaveros, dijes y bijouterie. Envío gratis +$100K. ¡Empezá ...";"Advance Coat";SI;;;;
molde-de-hoja-para-centro-de-mesa;"Molde Silicona Hoja para Centro de Mesa - Diseño Botánico Natural";"Moldes de Silicona ";;;;;;;3,000.00;;0.13;1.00;1.00;1.00;0;"Molde hoja centro de mesa";;NO;NO;;"argentina, buenos aires, centro de mesa, comprar moldes argentina, comprar online argentina, envio argentina, forma de hoja, hoja, hoja de palmera, hoja palmera, molde acabado brillante, molde alta calidad, molde con forma de hoja, molde duradero, molde flexible, molde manualidades, molde profesional, molde resina epoxi, molde reutilizable, molde silicona, molde silicona para resina, molde silicona para resina epoxi, moldes para emprender, moldes para vender, moldes resina, moldes silicona, moldes silicona argentina, palmera, silicona";"Molde Silicona Hoja para Centro de Mesa";"? Molde Silicona Hoja para Centro de Mesa de calidad pro. Silicona flexible, acabado brillante. Para llaveros, dijes y bijouterie. Envío gratis +$100K. ¡Empe...";"Advance Coat";SI;;;;
molde-de-cajita-con-forma-de-corazon;"Molde Silicona Cajita con Forma de Corazón - Cajitas y Joyeros";"Moldes de Silicona ";;;;;;;9,000.00;8,500.00;0.08;1.00;1.00;1.00;3;"Molde cajita corazon";;SI;NO;;"argentina, buenos aires, caja con forma de corazon para resina epoxi, cajita, cajita regalo, cajitas resina, chapita de corazon, comprar moldes argentina, comprar online argentina, corazon dije, corazon llavero, corazon resina, corazones, envio argentina, formas, joyeros resina, molde acabado brillante, molde alta calidad, molde de caja, molde de cajita corazon, molde de corazon, molde duradero, molde flexible, molde manualidades, molde profesional, molde resina epoxi, molde reutilizable, molde silicona, moldes para emprender, moldes para vender, moldes resina, moldes silicona argentina, packaging artesanal, regalo parejas, san valentin";"Molde Silicona Cajita con Forma de Corazón";"? Molde Silicona Cajita con Forma de Corazón de calidad pro. Silicona flexible, acabado brillante. Para llaveros, dijes y bijouterie. Envío gratis +$100K. ¡E...";"Advance Coat";SI;;;;
molde-de-corazon-dividido-para-parejas;"Molde Silicona Corazón Dividido para Parejas - Diseño Romántico";"Moldes de Silicona ";;;;;;;5,500.00;5,000.00;0.02;1.00;1.00;1.00;1;"Molde corazon pareja";;SI;NO;;"argentina, buenos aires, chapita, chapita de corazon, chapita de perro, comprar moldes argentina, comprar online argentina, corazon llavero, corazon resina, corazones, envio argentina, formas, molde acabado brillante, molde alta calidad, molde corazon, molde de corazon, molde duradero, molde flexible, molde llavero, molde manualidades, molde nube, molde para llaveros, molde profesional, molde resina epoxi, molde reutilizable, molde silicona, molde silicona para resina, molde silicona para resina epoxi, moldes para emprender, moldes para vender, moldes resina, moldes silicona, moldes silicona argentina, regalo amor, silicona";"Molde Silicona Corazón Dividido para Parejas";"? Molde Silicona Corazón Dividido para Parejas de calidad pro. Silicona flexible, acabado brillante. Para llaveros, dijes y bijouterie. Envío gratis +$100K. ...";"Advance Coat";SI;;;;
molde-de-lapicera-rectangular;"Molde Silicona Lapicera Rectangular - Modelo Más Pedido";"Moldes de Silicona ";;;;;;;6,500.00;6,000.00;0.02;1.00;1.00;1.00;86;"Molde Lapicera Rectangular";;SI;NO;;"argentina, boligrafo, buenos aires, comprar moldes argentina, comprar online argentina, envio argentina, escuela, formas, lapicera, lapiceras corporativas, lapiceras personalizadas, lapiceras regalo, lapiceras resina, molde acabado brillante, molde alta calidad, molde duradero, molde flexible, molde lapicera, molde manualidades, molde profesional, molde resina epoxi, molde reutilizable, molde silicona, molde silicona para resina, molde silicona para resina epoxi, moldes para emprender, moldes para vender, moldes resina, moldes silicona, moldes silicona argentina, silicona";"Molde Silicona Lapicera Rectangular";"? Molde Silicona Lapicera Rectangular de calidad pro. Silicona flexible, acabado brillante. Para llaveros, dijes y bijouterie. Envío gratis +$100K. ¡Empezá hoy!";"Advance Coat";SI;;;;
soporte-de-bandeja-triple;"Soporte Bandeja Triple - Decoración Única";"Extras Para Resina, Moldes de Silicona ";Color;Plateado;;;;;5,500.00;5,000.00;0.08;1.00;1.00;1.00;45;"soporte de bandeja triple";;SI;NO;;"accesorios para emprender, accesorios resina, advance coat, apoya vasos resina, argentina, bandeja, bandeja artesanal, bandeja decorativa, bandeja resina, bandeja triple, buenos aires, comprar online argentina, dorado, envio argentina, herramientas profesionales, herramientas resina epoxi, insumos manualidades, metal, plateado, resina epoxi, soporte, soporte de bandeja triple, soporte para bandeja, soporte para resina epoxi, utiles resina";"Soporte Bandeja Triple | Advance Coat";;"Advance Coat";SI;;;;
soporte-de-bandeja-triple;;;Color;Dorado;;;;;5,500.00;5,000.00;0.08;1.00;1.00;1.00;74;"soporte de bandeja triple";;;;;;;;;;;;;
pack-3-moldes-de-senalador;"Pack 3 Moldes de Señalador - Señaladores Únicos";"Moldes de Silicona ";;;;;;;11,250.00;8,000.00;0.05;1.00;1.00;1.00;98;"Molde Señalador";;SI;NO;;"comprar moldes argentina, molde acabado brillante, molde alta calidad, molde duradero, molde flexible, molde manualidades, molde para resina, molde profesional, molde resina epoxi, molde reutilizable, molde senalador, molde silicona, molde silicona para resina, molde silicona para resina epoxi, moldes para emprender, moldes para vender, moldes resina, moldes silicona, moldes silicona argentina, senalador para libro, senaladores artesanales, senaladores libros, senaladores resina, silicona";"Pack 3 Moldes de Señalador | Resina Epoxi | Advance Coat";"? Pack 3 Moldes de Señalador de calidad pro. Silicona flexible, acabado brillante. Para llaveros, dijes y bijouterie. Envío gratis +$100K. ¡Empezá hoy!";"Advance Coat";SI;;;;
molde-de-senalador-pequeno;"Molde Silicona Señalador Pequeño - Señaladores Únicos";"Moldes de Silicona ";;;;;;;3,250.00;;0.03;1.00;1.00;1.00;79;"Molde Señalador";;SI;NO;;"argentina, buenos aires, comprar moldes argentina, comprar online argentina, envio argentina, molde acabado brillante, molde alta calidad, molde duradero, molde flexible, molde manualidades, molde para resina, molde profesional, molde resina epoxi, molde reutilizable, molde senalador, molde silicona, molde silicona para resina, molde silicona para resina epoxi, moldes para emprender, moldes para vender, moldes resina, moldes silicona, moldes silicona argentina, senalador para libro, senaladores artesanales, senaladores libros, senaladores resina, silicona";"Molde Silicona Señalador Pequeño";"? Molde Silicona Señalador Pequeño de calidad pro. Silicona flexible, acabado brillante. Para llaveros, dijes y bijouterie. Envío gratis +$100K. ¡Empezá hoy!";"Advance Coat";SI;;;;
molde-de-senalador-mediano;"Molde Silicona Señalador Mediano - Señaladores Únicos";"Moldes de Silicona ";;;;;;;3,500.00;;0.03;1.00;1.00;1.00;0;"Molde Señalador";;NO;NO;;"argentina, buenos aires, comprar moldes argentina, comprar online argentina, envio argentina, molde acabado brillante, molde alta calidad, molde duradero, molde flexible, molde manualidades, molde para resina, molde profesional, molde resina epoxi, molde reutilizable, molde senalador, molde silicona, molde silicona para resina, molde silicona para resina epoxi, moldes para emprender, moldes para vender, moldes resina, moldes silicona, moldes silicona argentina, senalador para libro, senaladores artesanales, senaladores libros, senaladores resina, silicona";"Molde Silicona Señalador Mediano";"? Molde Silicona Señalador Mediano de calidad pro. Silicona flexible, acabado brillante. Para llaveros, dijes y bijouterie. Envío gratis +$100K. ¡Empezá hoy!";"Advance Coat";SI;;;;
molde-para-anillos;"Molde Silicona Para Anillos - Accesorios Artesanales";"Moldes de Silicona ";;;;;;;8,500.00;7,000.00;0.05;1.00;1.00;1.00;0;"molde anillos";;NO;NO;;"anillo, anillos artesanales, anillos resina, argentina, bases anillos, bases para dijes, bisuteria anillos, buenos aires, collares, comprar moldes argentina, comprar online argentina, diamantes, dije, envio argentina, formas, molde acabado brillante, molde alta calidad, molde de anillos, molde duradero, molde flexible, molde llavero, molde manualidades, molde para llaveros, molde profesional, molde resina epoxi, molde reutilizable, molde silicona, molde silicona para resina, molde silicona para resina epoxi, moldes para emprender, moldes para vender, moldes resina, moldes silicona, moldes silicona argentina, perla";"Molde Silicona Para Anillos | Resina Epoxi | Advance Coat";"? Molde Silicona Para Anillos de calidad pro. Silicona flexible, acabado brillante. Para llaveros, dijes y bijouterie. Envío gratis +$100K. ¡Empezá hoy!";"Advance Coat";SI;;;;
molde-mini-cubos;"Molde Silicona Mini Cubos - Diseño Geométrico";"Moldes de Silicona ";;;;;;;6,500.00;;0.05;1.00;1.00;1.00;18;"molde mini cubo";;SI;NO;;"argentina, bases para dijes, bijouterie mini, buenos aires, collares, comprar moldes argentina, comprar online argentina, cubo, cubo resina, cubos mini, diamantes, dije, dijes geometricos, envio argentina, formas, mini resina, miniaturas resina, molde acabado brillante, molde alta calidad, molde de cuadrado, molde de dije, molde duradero, molde flexible, molde llavero, molde manualidades, molde para llaveros, molde profesional, molde resina epoxi, molde reutilizable, molde silicona, molde silicona para resina, moldes para emprender, moldes para vender, moldes resina, moldes silicona argentina";"Molde Silicona Mini Cubos | Resina Epoxi | Advance Coat";"? Molde Silicona Mini Cubos de calidad pro. Silicona flexible, acabado brillante. Para llaveros, dijes y bijouterie. Envío gratis +$100K. ¡Empezá hoy!";"Advance Coat";SI;;;;
molde-mini-esferas;"Molde Silicona Mini Esferas - Diseño Geométrico";"Moldes de Silicona ";;;;;;;7,000.00;;0.05;1.00;1.00;1.00;0;"molde mini esferas";;NO;NO;;"argentina, bases para dijes, bijouterie mini, bola decorativa, buenos aires, collares, comprar moldes argentina, comprar online argentina, diamantes, dije, envio argentina, esfera, esfera resina, esfera vidrio, formas, mini resina, miniaturas resina, molde acabado brillante, molde alta calidad, molde de dije, molde de esfera, molde duradero, molde flexible, molde llavero, molde manualidades, molde para llaveros, molde profesional, molde resina epoxi, molde reutilizable, molde silicona, molde silicona para resina, moldes para emprender, moldes para vender, moldes resina, moldes silicona argentina";"Molde Silicona Mini Esferas | Resina Epoxi | Advance Coat";"? Molde Silicona Mini Esferas de calidad pro. Silicona flexible, acabado brillante. Para llaveros, dijes y bijouterie. Envío gratis +$100K. ¡Empezá hoy!";"Advance Coat";SI;;;;
molde-de-osito-para-llaveros;"Molde Silicona Osito Para Llaveros - para Llaveros Personalizados";"Moldes de Silicona ";;;;;;;5,500.00;5,000.00;0.03;1.00;1.00;1.00;53;"Molde osito";;SI;NO;;"argentina, buenos aires, como hacer llaveros, comprar moldes argentina, comprar online argentina, envio argentina, formas, llaveros para vender, llaveros personalizados, llaveros resina, molde acabado brillante, molde alta calidad, molde de llavero, molde duradero, molde flexible, molde llaveros, molde manualidades, molde osito, molde oso, molde para llavero de resina, molde patita, molde profesional, molde resina epoxi, molde reutilizable, molde silicona, molde silicona para resina, molde silicona para resina epoxi, moldes para emprender, moldes para vender, moldes resina, moldes silicona, moldes silicona argentina, osito kawaii, osito resina, oso peluche resina";"Molde Silicona Osito Para Llaveros";"? Molde Silicona Osito Para Llaveros de calidad pro. Silicona flexible, acabado brillante. Para llaveros, dijes y bijouterie. Envío gratis +$100K. ¡Empezá hoy!";"Advance Coat";SI;;;;
molde-letras-pequenas-resina-epoxi1;"Molde Letras Pequeñas Resina Epoxi";"Moldes de Silicona ";;;;;;;3,750.00;;0.08;1.00;1.00;1.00;0;"Molde Letras Pequeñas Resina Epoxi";;NO;NO;;"argentina, buenos aires, comprar online argentina, comprar resina online, donde comprar resina, envio argentina, formas, letras, letras chicas, letras resina, letritas, llaveros con nombres, mini letras, molde letras, molde letras pequenas, molde letras pequenas resina epoxi, molde silicona, molde silicona para resina, nombres personalizados, palabras resina, resina advance coat, resina alta calidad, resina argentina, resina argentina envio, resina cristal, resina epoxi, resina epoxi cristal, resina manualidades argentina, resina para dijes, resina para emprender, resina para hacer accesorios, resina para llaveros, resina profesional, resina sin burbujas, resina transparente";"Molde Letras Pequeñas Resina Epoxi | Advance Coat";"? Molde Letras Pequeñas Resina Epoxi cristal sin burbujas. La elegida por +5000 emprendedoras. Envío gratis +$100K. 12 cuotas sin interés. ¡Comprá ahora!";"Advance Coat";SI;;;;
combo-molde-letras-chico;"Combo Letras Chico con Resina - Llaveros Mini Personalizados";Combos;;;;;;;22,500.00;;0.30;1.00;1.00;1.00;0;"150g + letras chico + 3 metalizados +  Mini Pitones";;NO;NO;;"150, 150 gramos, abecedario, advance coat, argentina, buenos aires, combo, combo advance coat, combo emprendedor, combo resina, combo todo incluido, comprar combo resina argentina, comprar online argentina, descuento, envio argentina, kit completo principiantes, kit emprendimiento, kit hobbistas, kit incial, kit manualidades, kit para empezar, kit para regalar, kit resina epoxi, kit resina epoxi 150 gramos, letras, letras chicas, letras resina, llaveros con nombres, molde, molde de letras, molde letras, nombres personalizados, palabras resina, principiante, set resina epoxi";"Combo Letras Chico con Resina | Advance Coat";;"Advance Coat";SI;;;;
nos-fuimos-de-vacaciones;"Nos fuimos de vacaciones!";"Combos, Resinas Epoxi > Resina Epoxi Cristal, Extras Para Resina, Pigmentos, Resinas Para Impresiones 3D, Resina Para Tanques De Nafta, Combos Cursos Online";;;;;;;0.00;;0.00;0.00;0.00;0.00;0;;;NO;NO;;;;;"Advance Coat";NO;;;;
piramide-molde-grande-silicona-resina-epoxi;"Piramide Molde Grande Silicona Resina Epoxi";"Moldes de Silicona ";;;;;;;8,000.00;7,500.00;0.05;1.00;1.00;1.00;0;"molde de piramide";;NO;NO;;"argentina, buenos aires, comprar online argentina, comprar resina online, donde comprar resina, envio argentina, lampara piramidal, molde de orgonita, molde de piramide, molde para resina, orgon, orgonita, piramide, piramide decorativa, piramide esoterica, piramide resina, resina advance coat, resina alta calidad, resina argentina, resina argentina envio, resina cristal, resina epoxi, resina epoxi cristal, resina manualidades argentina, resina para dijes, resina para emprender, resina para hacer accesorios, resina para llaveros, resina profesional, resina sin burbujas, resina transparente";"Piramide Molde Grande Silicona Resina Epoxi | Advance Coat";"? Piramide Molde Grande Silicona Resina Epoxi cristal sin burbujas. La elegida por +5000 emprendedoras. Envío gratis +$100K. 12 cuotas sin interés. ¡Comprá a...";"Advance Coat";SI;;;;
combo-300-gr-7-escamas;"Combo Glitters y Escamas - Brillo Profesional Para Resina";"Combos > Combos iniciales, Combos > Otros combos";;;;;;;43,000.00;38,500.00;0.38;1.00;1.00;1.00;21;"combo 300 gr + 7 escamas";;SI;NO;;"300 gr, advance coat, argentina, buenos aires, combo, combo advance coat, combo emprendedor, combo resina, combo todo incluido, comprar combo resina argentina, comprar online argentina, descuento, dijes, envio argentina, escamas, escamas resina, glitter, glitter escamas, glitter tornasol, kit completo principiantes, kit emprendimiento, kit hobbistas, kit incial, kit manualidades, kit para empezar, kit para regalar, kit resina epoxi, llaveros, molde, moldes silicona, principiante, promocion, resina cristal, resina de 300 gramos, set resina epoxi";"Combo Glitters y Escamas | Advance Coat";;"Advance Coat";SI;;;;
combo-para-hacer-llaveros-basico;"Combo Llaveros Inicial - Tu Primer Proyecto en Resina";"Combos > Combos iniciales, Combos > Combos para hacer llaveros";;;;;;;41,000.00;36,000.00;0.45;1.00;1.00;1.00;37;"combo 300 gr + molde llav para compartir + 3 glitter + 10 llaveros";;SI;NO;;"300 gr, advance coat, argentina, buenos aires, combo, combo advance coat, combo emprendedor, combo resina, combo todo incluido, como hacer llaveros, comprar combo resina argentina, comprar online argentina, descuento, dijes, envio argentina, escamas, glitter, kit completo principiantes, kit emprendimiento, kit hobbistas, kit incial, kit manualidades, kit para empezar, kit para regalar, kit resina epoxi, llaveros, llaveros para vender, llaveros personalizados, llaveros resina, molde, molde llaveros, moldes silicona, principiante, promocion, set resina epoxi";"Combo Llaveros Inicial | Advance Coat";;"Advance Coat";SI;;;;
combo-mega-para-hacer-llaveros;"Combo MEGA Llaveros - Stock Para Emprender en Grande";"Combos > Combos para hacer llaveros, Combos > Combos para hacer dijes";;;;;;;67,000.00;47,500.00;0.60;1.00;1.00;1.00;98;"300 Gr + Moldes ( compartir, plancha dijes, aretes)  + 7 Escamas + 10 Llaveros";;SI;NO;;"300 gr, advance coat, argentina, buenos aires, combo, combo advance coat, combo emprendedor, combo resina, combo todo incluido, como hacer llaveros, comprar combo resina argentina, comprar online argentina, descuento, dijes, envio argentina, kit completo principiantes, kit emprendimiento, kit hobbistas, kit incial, kit manualidades, kit para empezar, kit para regalar, kit resina epoxi, llaveros, llaveros para vender, llaveros personalizados, llaveros resina, molde, molde llaveros, moldes silicona, principiante, promocion, resina cristal, resina de 300 gramos, set resina epoxi";"Combo MEGA Llaveros | Advance Coat";;"Advance Coat";SI;;;;
molde-para-colgantes-aros;"Molde Silicona Para Colgantes - Aros - Dijes Artesanales";"Moldes de Silicona ";;;;;;;6,500.00;6,000.00;0.06;1.00;1.00;1.00;32;"Molde de colgantes";;SI;NO;;"argentina, aros, aros artesanales argentina, aros para emprender, aros resina epoxi, buenos aires, colgante, como hacer aros, comprar moldes argentina, comprar online argentina, envio argentina, molde acabado brillante, molde alta calidad, molde de colgante, molde de dijes, molde de gota, molde de llavero, molde de ovalo, molde de silicona, molde de silicona para resina, molde duradero, molde flexible, molde manualidades, molde para, molde para aros, molde para llavero, molde para llaveros, molde profesional, molde resina epoxi, molde reutilizable, molde silicona, moldes para emprender, moldes para vender, moldes resina, moldes silicona argentina";"Molde Silicona Para Colgantes | Resina Epoxi | Advance Coat";"? Molde Silicona Para Colgantes de calidad pro. Silicona flexible, acabado brillante. Para llaveros, dijes y bijouterie. Envío gratis +$100K. ¡Empezá hoy!";"Advance Coat";SI;;;;
plancha-de-dijes-de-silicona;"Molde Plancha de Dijes de Silicona - Dijes Artesanales";"Moldes de Silicona ";;;;;;;6,500.00;6,000.00;0.08;1.00;1.00;1.00;61;"Molde plancha de dijes";;SI;NO;;"argentina, buenos aires, circulo, colgante, comprar moldes argentina, comprar online argentina, dijes artesanales, dijes para collares, dijes para emprender, dijes resina epoxi, envio argentina, molde acabado brillante, molde alta calidad, molde de colgante, molde de dijes, molde de gota, molde de ovalo, molde de silicona, molde de silicona para resina, molde dijes, molde duradero, molde flexible, molde manualidades, molde para llavero, molde para resina epoxi, molde profesional, molde resina epoxi, molde reutilizable, molde silicona, moldes para emprender, moldes para vender, moldes resina, moldes silicona argentina";"Molde Plancha de Dijes de Silicona";"? Molde Plancha de Dijes de Silicona de calidad pro. Silicona flexible, acabado brillante. Para llaveros, dijes y bijouterie. Envío gratis +$100K. ¡Empezá hoy!";"Advance Coat";SI;;;;
molde-de-llaveros-dijes-para-compartir;"Molde Silicona Llaveros Para Compartir - Dijes Artesanales";"Moldes de Silicona ";;;;;;;6,500.00;6,000.00;0.08;1.00;1.00;1.00;92;"Molde llavero dije";;SI;NO;;"argentina, buenos aires, circulo, colgante, como hacer llaveros, comprar moldes argentina, comprar online argentina, dijes artesanales, dijes para collares, dijes para emprender, dijes resina epoxi, envio argentina, llaveros para vender, llaveros personalizados, llaveros resina, molde acabado brillante, molde alta calidad, molde de colgante, molde de dijes, molde de gota, molde de llavero, molde de ovalo, molde dijes, molde duradero, molde flexible, molde llaveros, molde manualidades, molde profesional, molde resina epoxi, molde reutilizable, molde silicona, moldes para emprender, moldes para vender, moldes resina, moldes silicona argentina";"Molde Silicona Llaveros | Resina Epoxi | Advance Coat";"? Molde Silicona Llaveros de calidad pro. Silicona flexible, acabado brillante. Para llaveros, dijes y bijouterie. Envío gratis +$100K. ¡Empezá hoy!";"Advance Coat";SI;;;;
molde-ta-te-ti;"Molde Silicona Ta te ti - Set de Juegos en Resina";"Moldes de Silicona ";;;;;;;7,500.00;;0.08;1.00;1.00;1.00;0;"Molde Tateti";;NO;NO;;"argentina, buenos aires, comprar moldes argentina, comprar online argentina, envio argentina, juego mesa resina, molde, molde acabado brillante, molde alta calidad, molde duradero, molde flexible, molde juego de mesa, molde manualidades, molde para regalo, molde para resina, molde profesional, molde resina epoxi, molde reutilizable, molde silicona, molde silicona para resina, molde silicona para resina epoxi, molde tateti, moldes para emprender, moldes para vender, moldes resina, moldes silicona, moldes silicona argentina, silicona, ta te ti, ta te ti resina, tateti, tres en raya";"Molde Silicona Ta te ti | Resina Epoxi | Advance Coat";"? Molde Silicona Ta te ti de calidad pro. Silicona flexible, acabado brillante. Para llaveros, dijes y bijouterie. Envío gratis +$100K. ¡Empezá hoy!";"Advance Coat";SI;;;;
molde-para-llaveros-6-chapitas-en-uno;"Molde Silicona Para Llaveros 6 Chapitas en Uno";"Moldes de Silicona ";;;;;;;7,500.00;;0.08;1.00;1.00;1.00;0;"Molde llaveros";;NO;NO;;"argentina, buenos aires, chapita, chapita de corazon, chapita de perro, chapita mascota, chapita resina, como hacer llaveros, comprar moldes argentina, comprar online argentina, corazones, envio argentina, formas, llaveros para vender, llaveros personalizados, llaveros resina, molde acabado brillante, molde alta calidad, molde de corazon, molde duradero, molde flexible, molde llavero, molde llaveros, molde manualidades, molde nube, molde para llaveros, molde profesional, molde resina epoxi, molde reutilizable, molde silicona, moldes para emprender, moldes para vender, moldes resina, moldes silicona argentina, placa identificacion";"Molde Silicona Para Llaveros 6 Chapitas en Uno";"? Molde Silicona Para Llaveros 6 Chapitas en Uno de calidad pro. Silicona flexible, acabado brillante. Para llaveros, dijes y bijouterie. Envío gratis +$100K...";"Advance Coat";SI;;;;
molde-apoya-vasos-especial;"Molde Silicona Apoya Vasos Especial - Apoya Vasos Originales";"Moldes de Silicona ";;;;;;;5,500.00;;0.05;1.00;1.00;1.00;0;"Molde Apoya vasos";;NO;NO;;"apoya vasos, apoya vasos decorativos, apoya vasos para vender, apoya vasos resina, argentina, buenos aires, circulos, comprar moldes argentina, comprar online argentina, envio argentina, formas, molde acabado brillante, molde alta calidad, molde circular, molde duradero, molde flexible, molde manualidades, molde para llaveros, molde profesional, molde resina epoxi, molde reutilizable, molde silicona, molde silicona para resina, molde silicona para resina epoxi, moldes para emprender, moldes para vender, moldes resina, moldes silicona, moldes silicona argentina, posavasos resina, silicona";"Molde Silicona Apoya Vasos Especial";"? Molde Silicona Apoya Vasos Especial de calidad pro. Silicona flexible, acabado brillante. Para llaveros, dijes y bijouterie. Envío gratis +$100K. ¡Empezá hoy!";"Advance Coat";SI;;;;
molde-de-lapicera;"Molde Silicona Lapicera - Lapiceras Únicas";"Moldes de Silicona ";;;;;;;6,000.00;5,500.00;0.04;1.00;1.00;1.00;95;"Molde Lapicera";;SI;NO;;"argentina, boligrafo, buenos aires, comprar moldes argentina, comprar online argentina, envio argentina, escuela, formas, lapicera, lapiceras corporativas, lapiceras personalizadas, lapiceras regalo, lapiceras resina, molde acabado brillante, molde alta calidad, molde duradero, molde flexible, molde lapicera, molde manualidades, molde profesional, molde resina epoxi, molde reutilizable, molde silicona, molde silicona para resina, molde silicona para resina epoxi, moldes para emprender, moldes para vender, moldes resina, moldes silicona, moldes silicona argentina, silicona";"Molde Silicona Lapicera | Resina Epoxi | Advance Coat";"? Molde Silicona Lapicera de calidad pro. Silicona flexible, acabado brillante. Para llaveros, dijes y bijouterie. Envío gratis +$100K. ¡Empezá hoy!";"Advance Coat";SI;;;;
molde-mini-dijes-para-aros-o-collares;"Molde Silicona mini dijes para aros o collares - Dijes Artesanales";"Moldes de Silicona ";;;;;;;6,500.00;6,000.00;0.05;1.00;1.00;2.00;22;"Molde aros chicos";;SI;NO;;"argentina, aros, aros artesanales argentina, aros para emprender, aros resina epoxi, bijouterie mini, buenos aires, chapita, colgantes, collar, como hacer aros, comprar moldes argentina, comprar online argentina, dijes artesanales, dijes para collares, dijes para emprender, dijes resina epoxi, envio argentina, mini resina, miniaturas resina, molde acabado brillante, molde alta calidad, molde dijes, molde duradero, molde flexible, molde manualidades, molde para aros, molde profesional, molde resina epoxi, molde reutilizable, molde silicona, moldes para emprender, moldes para vender, moldes resina, moldes silicona argentina";"Molde Silicona mini dijes para aros o collares";"? Molde Silicona mini dijes para aros o collares de calidad pro. Silicona flexible, acabado brillante. Para llaveros, dijes y bijouterie. Envío gratis +$100K...";"Advance Coat";SI;;;;
molde-de-chapita-rectangular;"Molde Silicona Chapita Rectangular - Llaveros Personalizados";"Moldes de Silicona ";;;;;;;1,200.00;1,000.00;0.10;5.00;10.00;5.00;0;"Molde chapita rectangular";;NO;NO;;"argentina, buenos aires, chapita, chapita de corazon, chapita de perro, chapita mascota, chapita rectangular, chapita resina, comprar moldes argentina, comprar online argentina, corazones, envio argentina, formas, molde acabado brillante, molde alta calidad, molde de corazon, molde de llavero, molde duradero, molde flexible, molde llavero, molde manualidades, molde nube, molde profesional, molde resina epoxi, molde reutilizable, molde silicona, molde silicona para resina, molde silicona para resina epoxi, moldes para emprender, moldes para vender, moldes resina, moldes silicona, moldes silicona argentina, placa identificacion, silicona";"Molde Silicona Chapita Rectangular";"? Molde Silicona Chapita Rectangular de calidad pro. Silicona flexible, acabado brillante. Para llaveros, dijes y bijouterie. Envío gratis +$100K. ¡Empezá hoy!";"Advance Coat";SI;;Femenino;;
molde-de-chapita-corazon;"Molde Silicona Chapita Corazón - Llaveros Personalizados";"Moldes de Silicona ";;;;;;;5,500.00;5,000.00;0.05;1.00;2.00;5.00;0;"Corazon rosa";;SI;NO;;"argentina, buenos aires, chapita, chapita de corazon, chapita de perro, chapita mascota, chapita resina, comprar moldes argentina, comprar online argentina, corazon llavero, corazon resina, corazones, envio argentina, formas, molde acabado brillante, molde alta calidad, molde corazon, molde de corazon, molde duradero, molde flexible, molde llavero, molde manualidades, molde nube, molde para llaveros, molde profesional, molde resina epoxi, molde reutilizable, molde silicona, molde silicona para resina, moldes para emprender, moldes para vender, moldes resina, moldes silicona argentina, placa identificacion, regalo amor";"Molde Silicona Chapita Corazón | Resina Epoxi | Advance Coat";"? Molde Silicona Chapita Corazón de calidad pro. Silicona flexible, acabado brillante. Para llaveros, dijes y bijouterie. Envío gratis +$100K. ¡Empezá hoy!";"Advance Coat";SI;;;;
molde-escuadra;"Molde Silicona Escuadra - Regalo para Arquitectos";"Moldes de Silicona ";;;;;;;3,500.00;;0.15;2.00;3.00;5.00;0;"Molde Escuadra";;NO;NO;;"argentina, buenos aires, comprar moldes argentina, comprar online argentina, envio argentina, escuadra, escuela, molde acabado brillante, molde alta calidad, molde de escuadra, molde duradero, molde flexible, molde manualidades, molde para resina, molde profesional, molde resina epoxi, molde reutilizable, molde silicona, molde silicona para resina, molde silicona para resina epoxi, moldes para emprender, moldes para vender, moldes resina, moldes silicona, moldes silicona argentina, regla, silicona";"Molde Silicona Escuadra | Resina Epoxi | Advance Coat";"? Molde Silicona Escuadra de calidad pro. Silicona flexible, acabado brillante. Para llaveros, dijes y bijouterie. Envío gratis +$100K. ¡Empezá hoy!";"Advance Coat";SI;;;;
combo-molde-letras-grande-basico;"Combo Letras Grandes Básico - Empezá A Hacer Llaveros";"Combos > Combos iniciales, Combos > Combos para hacer llaveros";;;;;;;70,000.00;65,000.00;1.60;5.00;5.00;10.00;91;"300g + letras grande +  5 dr + Mini Pitones";;SI;NO;;"abecedario, abecedario grande, advance coat, argentina, buenos aires, cocentrado de color, combo, combo advance coat, combo emprendedor, combo resina, combo todo incluido, comprar combo resina argentina, comprar online argentina, descuento, envio argentina, kit completo principiantes, kit emprendimiento, kit hobbistas, kit incial, kit manualidades, kit para empezar, kit para regalar, kit resina epoxi, letras, letras chicas, letras resina, llaveros con nombres, molde, molde de letras, molde letras, molde letras grandes, nombres personalizados, palabras resina, perforadora, set resina epoxi";"Combo Letras Grandes Básico | Advance Coat";;"Advance Coat";SI;;;;
combo-avanzado-molde-letras-grande-300g-resina-epoxi-5-concentrados-mini-pitones-balanza;"Combo Avanzado Molde Letras Grande + 300g Resina Epoxi + 5 Concentr...";"Combos, Resinas Epoxi, Extras Para Resina, Pigmentos";;;;;;;46,750.00;44,000.00;1.70;5.00;5.00;10.00;0;"300g letras 7 pigmento Mini Pitones balanza";;NO;NO;;"300 gr, abecedario, advance coat, argentina, argollas dijes, balanza, balanza digital, balanza miligramos, balanza precision, balanza resina, bijouterie mini, buenos aires, color para llaveros, color resina epoxi, colorante resina, comprar online argentina, comprar pigmentos argentina, concentrado color resina, enganches mini, envio argentina, letras resina, llaveros con nombres, mini resina, miniaturas resina, molde letras, nombres personalizados, palabras resina, pigmento alta concentracion, pigmento metalizado, pigmento opaco, pigmento resina, pigmento traslucido, pitones resina, tinta alcohol resina, tinta resina epoxi";"Combo Avanzado Molde Letras Grande + 300g Resina Epoxi + ...";;"Advance Coat";SI;;;;
pack-5-moldes-silicona;"Pack 5 Moldes Dijes Colgantes - para Dijes y Colgantes";"Moldes de Silicona ";;;;;;;5,500.00;5,000.00;0.05;1.00;1.00;1.00;946;"pack 5 moldes silcicona";;SI;NO;;"argentina, bases para dijes, buenos aires, collares, comprar moldes argentina, comprar online argentina, diamantes, dije, dijes artesanales, dijes para collares, dijes para emprender, dijes resina epoxi, envio argentina, formas, molde acabado brillante, molde alta calidad, molde dijes, molde duradero, molde flexible, molde llavero, molde manualidades, molde para llaveros, molde profesional, molde resina epoxi, molde reutilizable, molde silicona, molde silicona para resina, molde silicona para resina epoxi, moldes para emprender, moldes para vender, moldes resina, moldes silicona, moldes silicona argentina, perla, resina para accesorios";"Pack 5 Moldes Dijes Colgantes | Resina Epoxi | Advance Coat";"? Pack 5 Moldes Dijes Colgantes de calidad pro. Silicona flexible, acabado brillante. Para llaveros, dijes y bijouterie. Envío gratis +$100K. ¡Empezá hoy!";"Advance Coat";SI;;;;
glitter-con-formas-para-resina-epoxi;"Glitter con Formas Para Resina - Variedad Decorativa Premium";"Arma Tu Propia Funda  > Adornos - Charms, Extras Para Resina";Modelo;"Mini Letras";;;;;3,500.00;3,250.00;0.02;1.00;0.50;1.00;0;;;NO;NO;;"adornos, agregados para resina, argentina, brillantina resina, brillantina resina epoxi, buenos aires, charms, comprar online argentina, corazones, decoracion brillante, decoraciones, envio argentina, escamas, escarcha resina, estrellas, extra, extras, extras para resina, funda, fundas, gilbre, glitter, glitter llaveros, glitter manualidades, glitter para llaveros, glitter resina, glitter tornasol, kit llavero, letras, letritas, purpurina resina";"Glitter con Formas Para Resina | Advance Coat";"? Glitter con Formas Para Resina: brillo profesional para resina. Pocas dosis, máximo efecto. Envío gratis +$100K. ¡Sumá magia a tus piezas!";"Advance Coat";SI;;;;
glitter-con-formas-para-resina-epoxi;;;Modelo;Estrellas;;;;;3,500.00;3,250.00;0.02;1.00;0.50;1.00;0;;;;;;;;;;;;;;
glitter-con-formas-para-resina-epoxi;;;Modelo;"Estrellas Huecas";;;;;3,500.00;3,250.00;0.02;1.00;0.50;1.00;0;;;;;;;;;;;;;;
glitter-con-formas-para-resina-epoxi;;;Modelo;Corazones;;;;;3,500.00;3,250.00;0.02;1.00;0.50;1.00;0;;;;;;;;;;;;;;
glitter-con-formas-para-resina-epoxi;;;Modelo;"Corazones Huecos";;;;;3,500.00;3,250.00;0.02;1.00;0.50;1.00;0;;;;;;;;;;;;;;
molde-de-picador;"Molde Silicona Picador";"Moldes de Silicona ";;;;;;;8,500.00;7,500.00;0.05;5.00;5.00;5.00;0;"Molde Picador";;NO;NO;;"argentina, buenos aires, cenicero, comprar moldes argentina, comprar online argentina, envio argentina, molde acabado brillante, molde alta calidad, molde de picador, molde duradero, molde flexible, molde manualidades, molde para resina, molde profesional, molde resina epoxi, molde reutilizable, molde silicona, molde silicona para resina, molde silicona para resina epoxi, moldes para emprender, moldes para vender, moldes resina, moldes silicona, moldes silicona argentina, silicona";"Molde Silicona Picador | Resina Epoxi | Advance Coat";"? Molde Silicona Picador de calidad pro. Silicona flexible, acabado brillante. Envío gratis +$100K. ¡Empezá hoy!";"Advance Coat";SI;;;;
molde-de-senalador-grande;"Molde Silicona Señalador Grande - Señaladores Únicos";"Moldes de Silicona ";;;;;;;4,500.00;3,750.00;0.05;1.00;5.00;5.00;64;"Molde Señalador";;SI;NO;;"argentina, buenos aires, comprar moldes argentina, comprar online argentina, envio argentina, molde acabado brillante, molde alta calidad, molde duradero, molde flexible, molde manualidades, molde para resina, molde profesional, molde resina epoxi, molde reutilizable, molde senalador, molde silicona, molde silicona para resina, molde silicona para resina epoxi, moldes para emprender, moldes para vender, moldes resina, moldes silicona, moldes silicona argentina, senalador para libro, senaladores artesanales, senaladores libros, senaladores resina, silicona";"Molde Silicona Señalador Grande";"? Molde Silicona Señalador Grande de calidad pro. Silicona flexible, acabado brillante. Para llaveros, dijes y bijouterie. Envío gratis +$100K. ¡Empezá hoy!";"Advance Coat";SI;;;;
molde-chapita-de-perro;"Molde Silicona Chapita Perro - Llaveros Personalizados";"Moldes de Silicona ";;;;;;;4,500.00;;0.05;1.00;2.00;1.00;30;"Molde Chapa";;SI;NO;;"amantes perros, argentina, buenos aires, chapa de perro, chapita, chapita de hueso, chapita mascota, chapita resina, comprar moldes argentina, comprar online argentina, dog lover, envio argentina, hueso, mascotas resina, molde acabado brillante, molde alta calidad, molde duradero, molde flexible, molde identificacion, molde llavero, molde manualidades, molde para llaveros, molde para resina, molde profesional, molde resina epoxi, molde reutilizable, molde silicona, molde silicona para resina, molde silicona para resina epoxi, moldes para emprender, moldes para vender, moldes resina, moldes silicona argentina, perros resina, placa identificacion";"Molde Silicona Chapita Perro | Resina Epoxi | Advance Coat";"? Molde Silicona Chapita Perro de calidad pro. Silicona flexible, acabado brillante. Para llaveros, dijes y bijouterie. Envío gratis +$100K. ¡Empezá hoy!";"Advance Coat";SI;;;;
molde-signos-zodiacales;"Molde Silicona Signos Zodiacales- Dijes Artesanales";"Moldes de Silicona ";;;;;;;8,500.00;;0.30;4.00;2.00;3.00;0;"Molde Signos";;NO;NO;;"argentina, aros, astrologia resina, buenos aires, comprar moldes argentina, comprar online argentina, envio argentina, horoscopo, molde acabado brillante, molde alta calidad, molde duradero, molde flexible, molde llavero, molde manualidades, molde para llaveros, molde para resina, molde profesional, molde resina epoxi, molde reutilizable, molde silicona, molde silicona para resina, molde silicona para resina epoxi, moldes para emprender, moldes para vender, moldes resina, moldes silicona, moldes silicona argentina, signos zodiacales, silicona";"Molde Silicona Signos Zodiacales";"? Molde Silicona Signos Zodiacales de calidad pro. Silicona flexible, acabado brillante. Para llaveros, dijes y bijouterie. Envío gratis +$100K. ¡Empezá hoy!";"Advance Coat";SI;;;;
glitter-en-escamas-para-resina-epoxi;"Glitter en Escamas Para Resina - Colores Únicos";"Arma Tu Propia Funda  > Adornos - Charms, Extras Para Resina";Color;Violeta;;;;;3,300.00;3,000.00;0.02;1.00;0.50;2.00;0;;;SI;NO;;"adorno, adornos, agregados para resina, argentina, brillantina resina, brillantina resina epoxi, buenos aires, charms, comprar online argentina, decoracion brillante, decoraciones, envio argentina, escamas, escamas resina, escarcha resina, extras, funda, fundas, gilbre, glitter, glitter escamas, glitter llaveros, glitter manualidades, glitter para llaveros, glitter resina, glitter tornasol, kit llavero, purpurina resina";"Glitter en Escamas Para Resina | Advance Coat";"Glitter en Escamas Para Resina: brillo profesional para resina. Pocas dosis, máximo efecto. ¡Sumá magia a tus piezas!";"Advance Coat";SI;;;;
glitter-en-escamas-para-resina-epoxi;;;Color;Rosa;;;;;3,300.00;3,000.00;0.02;1.00;0.50;2.00;19;;;;;;;;;;;;;;
glitter-en-escamas-para-resina-epoxi;;;Color;Dorado;;;;;3,300.00;3,000.00;0.02;1.00;0.50;2.00;57;;;;;;;;;;;;;;
glitter-en-escamas-para-resina-epoxi;;;Color;Plateado;;;;;3,300.00;3,000.00;0.02;1.00;0.50;2.00;36;;;;;;;;;;;;;;
glitter-en-escamas-para-resina-epoxi;;;Color;Turquesa;;;;;3,300.00;3,000.00;0.02;1.00;0.50;2.00;23;;;;;;;;;;;;;;
glitter-en-escamas-para-resina-epoxi;;;Color;"Blanco Tornasol";;;;;3,300.00;3,000.00;0.02;1.00;0.50;2.00;47;;;;;;;;;;;;;;
glitter-en-escamas-para-resina-epoxi;;;Color;Naranja;;;;;3,300.00;3,000.00;0.02;1.00;0.50;2.00;96;;;;;;;;;;;;;;
glitter-en-escamas-para-resina-epoxi;;;Color;Azul;;;;;3,300.00;3,000.00;0.02;1.00;0.50;2.00;0;;;;;;;;;;;;;;
molde-dije-perla-colgante-especial-resina-epoxi;"Molde Dije Perla Colgante Especial Resina Epoxi";"Moldes de Silicona ";;;;;;;1,000.00;;0.05;5.50;14.00;14.00;0;"Molde perla";;NO;NO;;"argentina, bases para dijes, buenos aires, comprar online argentina, comprar resina online, diamantes, dije, dijes artesanales, dijes para collares, dijes para emprender, dijes resina epoxi, donde comprar resina, envio argentina, formas, molde diamantes pequenos, molde diamantes pequenos resina epoxi, molde dijes, molde llavero, molde para llaveros, molde silicona, resina advance coat, resina alta calidad, resina argentina, resina argentina envio, resina cristal, resina epoxi, resina epoxi cristal, resina manualidades argentina, resina para dijes, resina para emprender, resina para hacer accesorios, resina para llaveros, resina profesional, resina sin burbujas, resina transparente";"Molde Dije Perla Colgante Especial Resina Epoxi";"? Molde Dije Perla Colgante Especial Resina Epoxi cristal sin burbujas. La elegida por +5000 emprendedoras. Envío gratis +$100K. 12 cuotas sin interés. ¡Comp...";"Advance Coat";SI;;;;
mini-pitones-para-resina;"Mini Pitones Para Resina - Producto Esencial Para Dijes y Aros";"Extras Para Resina";;;;;;;2,500.00;;0.02;5.00;5.00;5.00;50;MiniPiton;;SI;NO;;"arandela, argentina, argollas dijes, bijouterie mini, buenos aires, comprar online argentina, comprar resina online, donde comprar resina, enganches mini, envio argentina, kit llavero, llavero, mini piton, mini resina, miniaturas resina, minipiton, pitones resina, resina advance coat, resina alta calidad, resina argentina, resina argentina envio, resina cristal, resina epoxi, resina epoxi cristal, resina manualidades argentina, resina para dijes, resina para emprender, resina para hacer accesorios, resina para llaveros, resina profesional, resina sin burbujas, resina transparente";"Mini Pitones Para Resina | Enganches Para Dijes | Advance Coat";;"Advance Coat";SI;;;;
combo-molde-letras-grande-avanzado;"Combo Avanzado Letras Grandes - Producción Profesional";"Combos > Combos para hacer llaveros";;;;;;;82,000.00;74,500.00;1.70;5.00;10.00;10.00;98;"300g + letras grandes  + 5 dr +Mini Pitones + perforadora  + balanza";;SI;NO;;"300 gr, abecedario, advance coat, argentina, balanza, buenos aires, combo, combo advance coat, combo emprendedor, combo resina, combo todo incluido, comprar combo resina argentina, comprar online argentina, descuento, envio argentina, kit completo principiantes, kit emprendimiento, kit hobbistas, kit incial, kit manualidades, kit para empezar, kit para regalar, kit resina epoxi, letras, letras grandes, letras resina, llaveros, llaveros con nombres, molde, molde de letras, molde letras, molde letras grandes, nombres personalizados, palabras resina, set resina epoxi";"Combo Avanzado Letras Grandes | Advance Coat";;"Advance Coat";SI;;;;
combo-molde-letras-grande-300g-resina-epoxi-5-concentrados-perforadora-mini-pitones;"Combo Molde Letras Grande + 300g Resina Epoxi + 5 Concentrados + Pe...";"Combos > Combos para hacer llaveros, Moldes de Silicona ";;;;;;;43,750.00;40,000.00;1.50;5.00;10.00;5.00;2;"300g letras 5 pigmento Mini Pitones perforadora";;NO;NO;;"abecedario, abecedario grande, advance coat, agujereadora, argentina, argollas dijes, bijouterie mini, buenos aires, cocentrado de color, color para llaveros, color resina epoxi, colorante resina, combo, comprar online argentina, comprar pigmentos argentina, concentrado color resina, enganches mini, envio argentina, letras resina, llaveros con nombres, mini resina, miniaturas resina, molde letras, nombres personalizados, palabras resina, perforadora resina, pigmento alta concentracion, pigmento metalizado, pigmento opaco, pigmento resina, pigmento traslucido, pitones resina, taladro manualidades, tinta alcohol resina, tinta resina epoxi";"Combo Molde Letras Grande + 300g Resina Epoxi + 5 Concent...";;"Advance Coat";SI;;;;
molde-cenicero-facetado;"Molde Silicona Cenicero Facetado - Diseño Moderno";"Moldes de Silicona ";;;;;;;8,500.00;7,500.00;0.25;5.00;5.00;5.00;5;"Molde Cenicero Grande Resina Epoxi";;SI;NO;;"argentina, buenos aires, cenicero, cenicero diseno, cenicero grande, cenicero moderno, cenicero resina, comprar moldes argentina, comprar online argentina, envio argentina, molde acabado brillante, molde alta calidad, molde bandeja, molde duradero, molde flexible, molde manualidades, molde profesional, molde resina epoxi, molde reutilizable, molde silicona, molde silicona para resina, molde silicona para resina epoxi, moldes para emprender, moldes para vender, moldes resina, moldes silicona, moldes silicona argentina, picador, silicona";"Molde Silicona Cenicero Facetado";"? Molde Silicona Cenicero Facetado de calidad pro. Silicona flexible, acabado brillante. Para llaveros, dijes y bijouterie. Envío gratis +$100K. ¡Empezá hoy!";"Advance Coat";SI;;;;
molde-bandeja-triple-resina-epoxi;"Molde Bandeja Triple Resina Epoxi";"Moldes de Silicona ";;;;;;;17,500.00;15,000.00;0.05;5.50;14.00;14.00;3;"Molde Bandeja Triple Resina Epoxi";;NO;NO;;"apoya vasos resina, argentina, bandeja artesanal, bandeja decorativa, bandeja resina, base, buenos aires, comprar online argentina, comprar resina online, donde comprar resina, envio argentina, molde bandeja, molde silicona, molde silicona para resina, molde silicona para resina epoxi, moldes silicona, muestrario, resina advance coat, resina alta calidad, resina argentina, resina argentina envio, resina cristal, resina epoxi, resina epoxi cristal, resina manualidades argentina, resina para dijes, resina para emprender, resina para hacer accesorios, resina para llaveros, resina profesional, resina sin burbujas, resina transparente, silicona";"Molde Bandeja Triple Resina Epoxi | Advance Coat";"? Molde Bandeja Triple Resina Epoxi cristal sin burbujas. La elegida por +5000 emprendedoras. Envío gratis +$100K. 12 cuotas sin interés. ¡Comprá ahora!";"Advance Coat";SI;;;;
molde-cenicero-cuadrado-resina-epoxi;"Molde Cenicero Cuadrado Resina Epoxi";"Moldes de Silicona ";;;;;;;7,500.00;;0.20;5.00;5.00;5.00;0;"Molde Cenicero Cuadrado Resina Epoxi";;NO;NO;;"argentina, buenos aires, cenicero, cenicero diseno, cenicero moderno, cenicero resina, comprar online argentina, comprar resina online, cuadrado, donde comprar resina, envio argentina, molde silicona, molde silicona para resina, molde silicona para resina epoxi, moldes silicona, picador, resina advance coat, resina alta calidad, resina argentina, resina argentina envio, resina cristal, resina epoxi, resina epoxi cristal, resina manualidades argentina, resina para dijes, resina para emprender, resina para hacer accesorios, resina para llaveros, resina profesional, resina sin burbujas, resina transparente, silicona";"Molde Cenicero Cuadrado Resina Epoxi | Advance Coat";"? Molde Cenicero Cuadrado Resina Epoxi cristal sin burbujas. La elegida por +5000 emprendedoras. Envío gratis +$100K. 12 cuotas sin interés. ¡Comprá ahora!";"Advance Coat";SI;;;;
molde-bandeja-ovalada-resina-epoxi;"Molde Bandeja Ovalada Resina Epoxi";"Moldes de Silicona ";;;;;;;9,000.00;8,500.00;0.05;5.00;5.00;5.00;94;"Molde Bandeja Ovalada Resina Epoxi";;SI;NO;;"apoya vasos resina, argentina, bandeja, bandeja artesanal, bandeja decorativa, bandeja resina, bandejita ovalada, buenos aires, comprar online argentina, comprar resina online, donde comprar resina, envio argentina, jabonera, molde silicona, molde silicona para resina, molde silicona para resina epoxi, moldes silicona, ovalada, resina advance coat, resina alta calidad, resina argentina, resina argentina envio, resina cristal, resina epoxi, resina epoxi cristal, resina manualidades argentina, resina para dijes, resina para emprender, resina para hacer accesorios, resina para llaveros, resina profesional, resina sin burbujas, resina transparente, silicona";"Molde Bandeja Ovalada Resina Epoxi | Advance Coat";"? Molde Bandeja Ovalada Resina Epoxi cristal sin burbujas. La elegida por +5000 emprendedoras. Envío gratis +$100K. 12 cuotas sin interés. ¡Comprá ahora!";"Advance Coat";SI;;;;
molde-letras-pequenas-resina-epoxi;"Molde Letras Pequeñas Resina Epoxi";"Moldes de Silicona ";;;;;;;9,500.00;8,000.00;0.12;5.00;2.00;5.00;25;"Molde Letras Pequeñas Resina Epoxi";;SI;NO;;"argentina, buenos aires, comprar online argentina, comprar resina online, donde comprar resina, envio argentina, formas, letras, letras chicas, letras resina, letritas, llaveros con nombres, mini letras, molde letras, molde letras pequenas, molde letras pequenas resina epoxi, molde silicona, molde silicona para resina, nombres personalizados, palabras resina, resina advance coat, resina alta calidad, resina argentina, resina argentina envio, resina cristal, resina epoxi, resina epoxi cristal, resina manualidades argentina, resina para dijes, resina para emprender, resina para hacer accesorios, resina para llaveros, resina profesional, resina sin burbujas, resina transparente";"Molde Letras Pequeñas Resina Epoxi | Advance Coat";"? Molde Letras Pequeñas Resina Epoxi cristal sin burbujas. La elegida por +5000 emprendedoras. Envío gratis +$100K. 12 cuotas sin interés. ¡Comprá ahora!";"Advance Coat";SI;;;;
molde-diamantes-pequenos-resina-epoxi;"Molde Diamantes Pequeños Resina Epoxi";"Moldes de Silicona ";;;;;;;3,500.00;;0.10;1.00;2.00;2.00;13;"Molde Diamantes Pequeños Resina Epoxi";;SI;NO;;"argentina, aros diamante, buenos aires, comprar online argentina, comprar resina online, diamantes, diamantes resina, dijes diamante, donde comprar resina, envio argentina, formas, molde diamantes pequenos, molde diamantes pequenos resina epoxi, molde silicona, molde silicona para resina, molde silicona para resina epoxi, moldes silicona, resina advance coat, resina alta calidad, resina argentina, resina argentina envio, resina cristal, resina epoxi, resina epoxi cristal, resina manualidades argentina, resina para dijes, resina para emprender, resina para hacer accesorios, resina para llaveros, resina profesional, resina sin burbujas, resina transparente, silicona";"Molde Diamantes Pequeños Resina Epoxi | Advance Coat";"? Molde Diamantes Pequeños Resina Epoxi cristal sin burbujas. La elegida por +5000 emprendedoras. Envío gratis +$100K. 12 cuotas sin interés. ¡Comprá ahora!";"Advance Coat";SI;;;;
molde-diamantes-grandes-resina-epoxi;"Molde Diamantes Grandes Resina Epoxi";"Moldes de Silicona ";;;;;;;4,500.00;4,000.00;0.10;1.00;3.00;2.00;10;"Molde Diamantes Grandes Resina Epoxi";;SI;NO;;"argentina, aros diamante, buenos aires, comprar online argentina, comprar resina online, diamantes grandes, diamantes grandes resina epoxi, diamantes resina, dijes diamante, donde comprar resina, envio argentina, formas, molde silicona, molde silicona para resina, molde silicona para resina epoxi, moldes silicona, resina advance coat, resina alta calidad, resina argentina, resina argentina envio, resina cristal, resina epoxi, resina epoxi cristal, resina manualidades argentina, resina para dijes, resina para emprender, resina para hacer accesorios, resina para llaveros, resina profesional, resina sin burbujas, resina transparente, silicona";"Molde Diamantes Grandes Resina Epoxi | Advance Coat";"? Molde Diamantes Grandes Resina Epoxi cristal sin burbujas. La elegida por +5000 emprendedoras. Envío gratis +$100K. 12 cuotas sin interés. ¡Comprá ahora!";"Advance Coat";SI;;;;
molde-bandeja-con-divisiones;"Molde Bandeja Con Divisiones Resina Epoxi";"Moldes de Silicona ";;;;;;;10,000.00;;0.05;5.50;14.00;14.00;0;"Molde Bandeja Con Divisiones";;NO;NO;;"apoya vasos resina, argentina, bandeja artesanal, bandeja decorativa, bandeja resina, buenos aires, comprar online argentina, comprar resina online, donde comprar resina, envio argentina, formas, molde bandeja, molde bandeja con divisiones, molde circulo, molde silicona, molde silicona para resina, molde silicona para resina epoxi, moldes silicona, resina advance coat, resina alta calidad, resina argentina, resina argentina envio, resina cristal, resina epoxi, resina epoxi cristal, resina manualidades argentina, resina para dijes, resina para emprender, resina para hacer accesorios, resina para llaveros, resina profesional, resina sin burbujas, resina transparente, silicona";"Molde Bandeja Con Divisiones Resina Epoxi | Advance Coat";"? Molde Bandeja Con Divisiones Resina Epoxi cristal sin burbujas. La elegida por +5000 emprendedoras. Envío gratis +$100K. 12 cuotas sin interés. ¡Comprá ahora!";"Advance Coat";SI;;;;
molde-aros-resina-epoxi;"Molde Aros Resina Epoxi";"Moldes de Silicona ";;;;;;;7,000.00;6,500.00;0.05;1.00;1.00;5.00;79;"Molde Aros";;SI;NO;;"argentina, aros, aros artesanales argentina, aros para emprender, aros resina epoxi, buenos aires, como hacer aros, comprar online argentina, comprar resina online, donde comprar resina, envio argentina, molde para aros, molde silicona, molde silicona para resina, molde silicona para resina epoxi, moldes silicona, resina advance coat, resina alta calidad, resina argentina, resina argentina envio, resina cristal, resina epoxi, resina epoxi cristal, resina manualidades argentina, resina para dijes, resina para emprender, resina para hacer accesorios, resina para llaveros, resina profesional, resina sin burbujas, resina transparente, silicona";"Molde Aros Resina Epoxi | Calidad Pro | Advance Coat";"? Molde Aros Resina Epoxi cristal sin burbujas. La elegida por +5000 emprendedoras. Envío gratis +$100K. 12 cuotas sin interés. ¡Comprá ahora!";"Advance Coat";SI;;;;
balanzadigital;"Balanza Digital de Precisión - Mezclas Exactas Sin Errores";"Arma Tu Propia Funda  > Herramientas, Extras Para Resina";;;;;;;10,500.00;9,500.00;0.15;5.00;5.00;5.00;14;balanza;10.0;SI;NO;;"accesorios para emprender, accesorios resina, advance coat, argentina, balanza, balanza digital, balanza miligramos, balanza para resina, balanza precision, balanza resina, buenos aires, comprar online argentina, envio argentina, herramientas profesionales, herramientas resina epoxi, insumos manualidades, resina epoxi, utiles resina";"Balanza Digital de Precisión | Advance Coat";;"Advance Coat";SI;;;;
molde-mariposas-resina-epoxi;"Molde Mariposas Resina Epoxi";"Moldes de Silicona ";;;;;;;950.00;;0.05;5.50;14.00;14.00;0;"Molde Mariposas";;NO;NO;;"argentina, aros mariposa, buenos aires, comprar online argentina, comprar resina online, conejo, dona, donde comprar resina, envio argentina, formas, frutilla, mariposa, mariposa llavero, mariposas resina, molde osito, molde silicona, molde silicona para resina, molde silicona para resina epoxi, moldes silicona, primavera resina, resina advance coat, resina alta calidad, resina argentina, resina argentina envio, resina cristal, resina epoxi, resina epoxi cristal, resina manualidades argentina, resina para dijes, resina para emprender, resina para hacer accesorios, resina para llaveros, resina profesional, resina sin burbujas, resina transparente";"Molde Mariposas Resina Epoxi | Calidad Pro | Advance Coat";"? Molde Mariposas Resina Epoxi cristal sin burbujas. La elegida por +5000 emprendedoras. Envío gratis +$100K. 12 cuotas sin interés. ¡Comprá ahora!";"Advance Coat";SI;;;;
molde-maceta-triple-resina-epoxi;"Molde Maceta Triple Resina Epoxi";"Moldes de Silicona ";;;;;;;8,500.00;;0.40;5.00;5.00;5.00;0;"molde maceta triple";;NO;NO;;"argentina, buenos aires, comprar online argentina, comprar resina online, donde comprar resina, envio argentina, formas, macetas, macetas modernas, macetas resina, macetas suculentas, macetero plantas, molde maceta, molde silicona, molde silicona macetas, molde silicona para resina, molde silicona para resina epoxi, moldes silicona, resina advance coat, resina alta calidad, resina argentina, resina argentina envio, resina cristal, resina epoxi, resina epoxi cristal, resina manualidades argentina, resina para dijes, resina para emprender, resina para hacer accesorios, resina para llaveros, resina profesional, resina sin burbujas, resina transparente, silicona";"Molde Maceta Triple Resina Epoxi | Advance Coat";"? Molde Maceta Triple Resina Epoxi cristal sin burbujas. La elegida por +5000 emprendedoras. Envío gratis +$100K. 12 cuotas sin interés. ¡Comprá ahora!";"Advance Coat";SI;;;"0 a 3 meses";
molde-apoya-vasos-triple-resina-epoxi;"Molde Apoya Vasos Triple Resina Epoxi";"Moldes de Silicona ";;;;;;;3,000.00;;0.05;5.00;5.00;5.00;5;"Molde Apoya vasos";;NO;NO;;"apoya vasos, apoya vasos decorativos, apoya vasos para vender, apoya vasos resina, argentina, buenos aires, circulos, comprar online argentina, comprar resina online, donde comprar resina, envio argentina, formas, molde circular, molde para llaveros, molde silicona, molde silicona para resina, molde silicona para resina epoxi, moldes silicona, posavasos resina, resina advance coat, resina alta calidad, resina argentina, resina argentina envio, resina cristal, resina epoxi, resina epoxi cristal, resina manualidades argentina, resina para dijes, resina para emprender, resina para hacer accesorios, resina para llaveros, resina profesional, resina sin burbujas, resina transparente, silicona";"Molde Apoya Vasos Triple Resina Epoxi | Advance Coat";"? Molde Apoya Vasos Triple Resina Epoxi cristal sin burbujas. La elegida por +5000 emprendedoras. Envío gratis +$100K. 12 cuotas sin interés. ¡Comprá ahora!";"Advance Coat";SI;;;;
molde-mini-circulos-resina-epoxi;"Molde Mini Circulos Resina Epoxi";"Moldes de Silicona ";;;;;;;8,500.00;7,500.00;0.25;5.00;5.00;5.00;6;"Molde Mini Circulo";;SI;NO;;"argentina, bijouterie mini, buenos aires, circulos, comprar online argentina, comprar resina online, donde comprar resina, envio argentina, formas, mini resina, miniaturas resina, molde llavero, molde para llaveros, molde silicona, molde silicona para resina, molde silicona para resina epoxi, moldes silicona, resina advance coat, resina alta calidad, resina argentina, resina argentina envio, resina cristal, resina epoxi, resina epoxi cristal, resina manualidades argentina, resina para dijes, resina para emprender, resina para hacer accesorios, resina para llaveros, resina profesional, resina sin burbujas, resina transparente, silicona";"Molde Mini Circulos Resina Epoxi | Advance Coat";"? Molde Mini Circulos Resina Epoxi cristal sin burbujas. La elegida por +5000 emprendedoras. Envío gratis +$100K. 12 cuotas sin interés. ¡Comprá ahora!";"Advance Coat";SI;;;;
molde-dinosaurios-resina-epoxi;"Molde Dinosaurios Resina Epoxi";"Moldes de Silicona ";;;;;;;1,200.00;;0.05;1.00;1.00;1.00;0;"Molde dinosaurios";;NO;NO;;"argentina, buenos aires, comprar online argentina, comprar resina online, donde comprar resina, envio argentina, formas, molde aro, molde de animal, molde de dinosaurio, molde silicona, molde silicona para resina, molde silicona para resina epoxi, moldes silicona, resina advance coat, resina alta calidad, resina argentina, resina argentina envio, resina cristal, resina epoxi, resina epoxi cristal, resina manualidades argentina, resina para dijes, resina para emprender, resina para hacer accesorios, resina para llaveros, resina profesional, resina sin burbujas, resina transparente, silicona";"Molde Dinosaurios Resina Epoxi | Calidad Pro | Advance Coat";"? Molde Dinosaurios Resina Epoxi cristal sin burbujas. La elegida por +5000 emprendedoras. Envío gratis +$100K. 12 cuotas sin interés. ¡Comprá ahora!";"Advance Coat";SI;;;;
molde-de-botones-para-resina-epoxi;"Molde De Botones Para Resina Epoxi";"Moldes de Silicona ";;;;;;;5,500.00;5,000.00;0.03;1.00;1.00;1.00;0;"Molde botones";;NO;NO;;"argentina, boton, botones, buenos aires, comprar online argentina, comprar resina online, donde comprar resina, envio argentina, molde, molde de silicona, resina, resina advance coat, resina alta calidad, resina argentina, resina argentina envio, resina cristal, resina epoxi, resina epoxi cristal, resina manualidades argentina, resina para dijes, resina para emprender, resina para hacer accesorios, resina para llaveros, resina profesional, resina sin burbujas, resina transparente, silicona";"Molde De Botones Para Resina Epoxi | Advance Coat";"? Molde De Botones Para Resina Epoxi cristal sin burbujas. La elegida por +5000 emprendedoras. Envío gratis +$100K. 12 cuotas sin interés. ¡Comprá ahora!";"Advance Coat";SI;;;;
molde-figuras-geometicas-resina-epoxi;"Molde Figuras Geométicas Resina Epoxi";"Moldes de Silicona ";;;;;;;1,500.00;;0.05;5.50;14.00;14.00;0;"Molde Geometrico";;NO;NO;;"argentina, buenos aires, comprar online argentina, comprar resina online, donde comprar resina, envio argentina, figuras geometricas, formas, molde circulo, molde cuadrado, molde rectangulo, molde silicona, molde silicona para resina, molde silicona para resina epoxi, molde triangulo, moldes silicona, resina advance coat, resina alta calidad, resina argentina, resina argentina envio, resina cristal, resina epoxi, resina epoxi cristal, resina manualidades argentina, resina para dijes, resina para emprender, resina para hacer accesorios, resina para llaveros, resina profesional, resina sin burbujas, resina transparente, silicona";"Molde Figuras Geométicas Resina Epoxi | Advance Coat";"? Molde Figuras Geométicas Resina Epoxi cristal sin burbujas. La elegida por +5000 emprendedoras. Envío gratis +$100K. 12 cuotas sin interés. ¡Comprá ahora!";"Advance Coat";SI;;;;
molde-anclas-resina-epoxi;"Molde Anclas Resina Epoxi";"Moldes de Silicona ";;;;;;;1,200.00;;0.05;5.50;14.00;14.00;0;"Molde Ancla";;NO;NO;;"argentina, buenos aires, comprar online argentina, comprar resina online, donde comprar resina, envio argentina, formas, molde anclas, molde silicona, molde silicona para resina, molde silicona para resina epoxi, moldes silicona, resina advance coat, resina alta calidad, resina argentina, resina argentina envio, resina cristal, resina epoxi, resina epoxi cristal, resina manualidades argentina, resina para dijes, resina para emprender, resina para hacer accesorios, resina para llaveros, resina profesional, resina sin burbujas, resina transparente, silicona";"Molde Anclas Resina Epoxi | Calidad Pro | Advance Coat";"? Molde Anclas Resina Epoxi cristal sin burbujas. La elegida por +5000 emprendedoras. Envío gratis +$100K. 12 cuotas sin interés. ¡Comprá ahora!";"Advance Coat";SI;;;;
molde-nubes-gotas-y-corazones-resina-epoxi;"Molde Nubes, Gotas y Corazones Resina Epoxi";"Moldes de Silicona ";;;;;;;2,750.00;;0.35;5.00;5.00;5.00;0;"Molde nubgotycor";;NO;NO;;"argentina, buenos aires, comprar online argentina, comprar resina online, corazon llavero, corazon resina, donde comprar resina, envio argentina, formas, molde corazon, molde de corazon, molde gota, molde nube, molde silicona, molde silicona para resina, molde silicona para resina epoxi, moldes silicona, regalo amor, resina advance coat, resina alta calidad, resina argentina, resina argentina envio, resina cristal, resina epoxi, resina epoxi cristal, resina manualidades argentina, resina para dijes, resina para emprender, resina para hacer accesorios, resina para llaveros, resina profesional, resina sin burbujas, resina transparente, silicona";"Molde Nubes, Gotas y Corazones Resina Epoxi | Advance Coat";"? Molde Nubes, Gotas y Corazones Resina Epoxi cristal sin burbujas. La elegida por +5000 emprendedoras. Envío gratis +$100K. 12 cuotas sin interés. ¡Comprá a...";"Advance Coat";SI;;;;
molde-animalitos-resina-epoxi;"Molde Animalitos Resina Epoxi";"Moldes de Silicona ";;;;;;;2,750.00;;0.05;5.50;14.00;14.00;0;"Molde 45 fomitas";;NO;NO;;"argentina, buenos aires, comprar online argentina, comprar resina online, donde comprar resina, envio argentina, formas, huesito, molde conejo, molde de corazon, molde de perrito, molde hueso, molde osito, molde patita, molde silicona, molde silicona para resina, molde silicona para resina epoxi, moldes silicona, oso, resina advance coat, resina alta calidad, resina argentina, resina argentina envio, resina cristal, resina epoxi, resina epoxi cristal, resina manualidades argentina, resina para dijes, resina para emprender, resina para hacer accesorios, resina para llaveros, resina profesional, resina sin burbujas, resina transparente, silicona";"Molde Animalitos Resina Epoxi | Calidad Pro | Advance Coat";"? Molde Animalitos Resina Epoxi cristal sin burbujas. La elegida por +5000 emprendedoras. Envío gratis +$100K. 12 cuotas sin interés. ¡Comprá ahora!";"Advance Coat";SI;;;;
molde-de-patitas-para-resina-epoxi;"Molde De Patitas Para Resina Epoxi";"Moldes de Silicona ";;;;;;;6,500.00;;0.35;5.00;5.00;5.00;95;"Molde de 10 Patitas";;SI;NO;;"argentina, buenos aires, chapita de perro, comprar online argentina, comprar resina online, donde comprar resina, envio argentina, formas, huellitas resina, mascotas resina, molde patitas, molde perro, molde silicona, molde silicona para resina, molde silicona para resina epoxi, moldes silicona, patita de perro, patitas resina, resina advance coat, resina alta calidad, resina argentina, resina argentina envio, resina cristal, resina epoxi, resina epoxi cristal, resina manualidades argentina, resina para dijes, resina para emprender, resina para hacer accesorios, resina para llaveros, resina profesional, resina sin burbujas, resina transparente, silicona";"Molde De Patitas Para Resina Epoxi | Advance Coat";"? Molde De Patitas Para Resina Epoxi cristal sin burbujas. La elegida por +5000 emprendedoras. Envío gratis +$100K. 12 cuotas sin interés. ¡Comprá ahora!";"Advance Coat";SI;;;;
molde-maceta-montana-resina-epoxi;"Molde Maceta Montaña Resina Epoxi";"Moldes de Silicona ";;;;;;;5,500.00;;0.50;5.50;14.00;14.00;1;"Molde Montaña";;NO;NO;;"argentina, buenos aires, comprar online argentina, comprar resina online, donde comprar resina, envio argentina, formas, macetas, macetas modernas, macetas resina, macetas suculentas, macetero plantas, molde maceta, molde montana, molde silicona, molde silicona macetas, molde silicona para resina, molde silicona para resina epoxi, moldes silicona, resina advance coat, resina alta calidad, resina argentina, resina argentina envio, resina cristal, resina epoxi, resina epoxi cristal, resina manualidades argentina, resina para dijes, resina para emprender, resina para hacer accesorios, resina para llaveros, resina profesional, resina sin burbujas, resina transparente, silicona";"Molde Maceta Montaña Resina Epoxi | Advance Coat";"? Molde Maceta Montaña Resina Epoxi cristal sin burbujas. La elegida por +5000 emprendedoras. Envío gratis +$100K. 12 cuotas sin interés. ¡Comprá ahora!";"Advance Coat";SI;;;;
molde-maceta-facetada-resina-epoxi;"Molde Maceta Facetada Resina Epoxi";"Moldes de Silicona ";;;;;;;8,000.00;;0.40;5.00;6.00;5.00;0;;;NO;NO;;"argentina, buenos aires, comprar online argentina, comprar resina online, donde comprar resina, envio argentina, formas, macetas, macetas modernas, macetas resina, macetas suculentas, macetero plantas, molde maceta, molde silicona, molde silicona macetas, molde silicona para resina, molde silicona para resina epoxi, moldes silicona, resina advance coat, resina alta calidad, resina argentina, resina argentina envio, resina cristal, resina epoxi, resina epoxi cristal, resina manualidades argentina, resina para dijes, resina para emprender, resina para hacer accesorios, resina para llaveros, resina profesional, resina sin burbujas, resina transparente, silicona";"Molde Maceta Facetada Resina Epoxi | Advance Coat";"? Molde Maceta Facetada Resina Epoxi cristal sin burbujas. La elegida por +5000 emprendedoras. Envío gratis +$100K. 12 cuotas sin interés. ¡Comprá ahora!";"Advance Coat";SI;;;;
mini-perforadora-manual;"Mini Perforadora Manual - Agujereá Dijes y Llaveros Fácil";"Extras Para Resina";;;;;;;6,500.00;;0.05;2.00;5.00;1.00;0;perforador;;NO;NO;;"accesorios para emprender, accesorios resina, advance coat, agujereador, agujereadora, argentina, bijouterie mini, buenos aires, comprar online argentina, dijes, envio argentina, extras para resina, hacer agujeros en resina, herramientas profesionales, herramientas resina epoxi, insumos manualidades, mini perforadora, mini resina, miniaturas resina, perforador, perforador para resina, perforadora, perforadora resina, resina para accesorios, taladro manual, taladro manualidades, utiles resina";"Mini Perforadora Manual | Advance Coat";;"Advance Coat";SI;;;;
molde-silicona-letras-grandes-para-resina-epoxi;"Molde Silicona Letras Grandes Para Resina Epoxi";"Moldes de Silicona , Combos Cursos Online";;;;;;;15,000.00;13,000.00;0.20;5.00;5.00;5.00;956;"molde letras grandes";;SI;NO;;"abecedario, argentina, buenos aires, comprar online argentina, comprar resina online, descuento, donde comprar resina, envio argentina, letras grandes, letras resina, llaveros con nombres, molde de abecedario, molde de letras, molde de silicona, molde letras, molde para resina, moldes silicona, nombres personalizados, palabras resina, resina advance coat, resina alta calidad, resina argentina, resina argentina envio, resina cristal, resina epoxi, resina epoxi cristal, resina manualidades argentina, resina para dijes, resina para emprender, resina para hacer accesorios, resina para llaveros, resina profesional, resina sin burbujas, resina transparente";"Molde Silicona Letras Grandes Para Resina Epoxi";"? Molde Silicona Letras Grandes Para Resina Epoxi cristal sin burbujas. La elegida por +5000 emprendedoras. Envío gratis +$100K. 12 cuotas sin interés. ¡Comp...";"Advance Coat";SI;;;;
combo-molde-letras-chico-resina-epoxi-150g-3-pigmentos-metalizados-pitones;"Pigmentos Metalizados Pack 30 - Efecto Profesional Para Resina";"Combos, Resinas Epoxi, Moldes de Silicona ";;;;;;;18,000.00;16,500.00;0.42;5.00;5.00;5.00;0;"150g letras 3 pigmento Mini Pitones";;NO;NO;;"150, 150 gramos, abecedario, advance coat, argentina, argollas dijes, buenos aires, color para llaveros, color resina epoxi, colorante resina, combo, comprar online argentina, comprar pigmentos argentina, concentrado color resina, descuento, efecto oro, efecto plata, enganches mini, envio argentina, kit incial, letras resina, llaveros con nombres, metalizado resina, molde letras, nombres personalizados, palabras resina, pigmento alta concentracion, pigmento metalico, pigmento metalizado, pigmento opaco, pigmento resina, pigmento traslucido, pitones resina, tinta alcohol resina, tinta resina epoxi";"Pigmentos Metalizados Pack 30 | Advance Coat";;"Advance Coat";SI;;;;
vaso-silicona-100-ml;"Vaso Medidor Silicona - Reutilizable Para Mezclas de Resina";"Arma Tu Propia Funda  > Herramientas, Extras Para Resina, Moldes de Silicona ";;;;;;;5,500.00;;0.05;5.00;5.00;5.00;75;"vaso silicona";;SI;NO;;"1.5kg, 300, 300 gr, 3kg, 750 gramos, accesorios para emprender, accesorios resina, advance coat, argentina, buenos aires, comprar online argentina, envio argentina, herramientas profesionales, herramientas resina epoxi, insumos manualidades, kit incial, kit resina 1.5kg, kit resina 6kg, kit resina epoxi 150 gramos, kit resina epoxi 3kg, kit resina epoxi 750 gramos, kit resina epoxi advance coat, moldes silicona, principiante, resina de 1.5kg, resina de 300 gramos, resina epoxi, resina epoxi 750 gramos, resina epoxica 1.5kg, resina epoxica 15kg, resina para accesorios, resina para anillos, resina para mesas, utiles resina, vaso";"Vaso Medidor Silicona | Advance Coat";;"Advance Coat";SI;;;;
pigmentos-metalizados-en-polvo;"Pigmentos Metalizados - Efecto Profesional Para Resina";Pigmentos;Color;Blanco;;;;;3,500.00;3,000.00;0.02;1.00;0.50;2.00;59;;;SI;NO;;"argentina, buenos aires, color para llaveros, color resina epoxi, colorante resina, comprar online argentina, comprar pigmentos argentina, concentrado color resina, concentrado para resina, efecto oro, efecto plata, envio argentina, extras para resina, metalizado resina, pigmento alta concentracion, pigmento metalico, pigmento metalizado, pigmento opaco, pigmento para resina, pigmento resina, pigmento traslucido, tinta alcohol resina, tinta resina epoxi";"Pigmentos Metalizados Pack 30 | Advance Coat";;"Advance Coat";SI;;;;
pigmentos-metalizados-en-polvo;;;Color;Dorado;;;;;3,500.00;3,000.00;0.02;1.00;0.50;2.00;74;;;;;;;;;;;;;;
pigmentos-metalizados-en-polvo;;;Color;Bronce;;;;;3,500.00;3,000.00;0.02;1.00;0.50;2.00;82;;;;;;;;;;;;;;
pinza-para-resina;"Pinza para Resina - Herramienta Esencial Para Manualidades";"Extras Para Resina";;;;;;;950.00;;0.05;5.00;5.00;5.00;0;;;NO;NO;;"accesorios para emprender, accesorios resina, advance coat, argentina, buenos aires, comprar online argentina, envio argentina, herramientas profesionales, herramientas resina epoxi, insumos manualidades, pinza curva, pinza manualidades, pinza para resina, pinza precision, pinzas resina, utiles resina";"Pinza para Resina | Advance Coat";;"Advance Coat";SI;;;;
kit-resina-epoxi-150-gramos-vaso-medidor-molde-silicona;"Kit Resina Epoxi 150 Gramos + Vaso Medidor Molde Silicona";"Combos > Combos iniciales, Combos > Combos de herramientas";;;;;;;18,000.00;17,000.00;0.25;5.00;5.00;10.00;10;"150g + vaso";;SI;NO;;"argentina, buenos aires, combo, combo advance coat, combo emprendedor, combo resina, combo todo incluido, comprar combo resina argentina, comprar online argentina, envio argentina, kit completo, kit completo principiantes, kit emprendimiento, kit hobbistas, kit manualidades, kit para empezar, kit para regalar, kit principiantes, kit resina, kit resina epoxi, molde, resina epoxi, resina mas vaso, set resina epoxi, silicona, vaso de silicona, vaso medidor";"Kit Resina Epoxi 150 Gramos + Vaso Medidor Molde Silicona";;"Advance Coat";SI;;;;
kit-joyeria-bisuteria-en-casa-inicial;"Kit Joyería en Casa - Empezá Tu Emprendimiento de Bisutería";Combos;;;;;;;30,250.00;28,000.00;0.62;5.00;5.00;10.00;0;"kit joyeria";;NO;NO;;"300 gramos, 300g, accesorios, argentina, bases para dijes, bicel, biceles, buenos aires, combo, combo advance coat, combo emprendedor, combo resina, combo todo incluido, comprar combo resina argentina, comprar online argentina, dije, envio argentina, escamas, glitter, joyeria, kit completo, kit completo principiantes, kit emprendimiento, kit hobbistas, kit joyeria, kit manualidades, kit para empezar, kit para regalar, kit principiantes, kit resina, kit resina epoxi, marco, pigmento metalizado, principiantes, set resina epoxi";"Kit Joyería en Casa | Advance Coat";;"Advance Coat";SI;;;;
dijes-para-rellenar-resina-pack-10u-de-un-mismo-modelo;"Pack 10 Dijes para Rellenar con Resina - Dijes Artesanales";"Extras Para Resina";"ELECCIÓN DE DIJES";"10 RECTÁNGULOS GRANDES";;;;;10,000.00;;0.08;1.00;2.00;1.00;0;;;NO;NO;;"accesorio, accesorios, adornos fundas, argentina, bases para accesorios, bicel, biceles, buenos aires, charms decorativos, charms kawaii, charms manualidades, charms para fundas, charms resina, comprar charms argentina, comprar online argentina, decoracion para llaveros, decorativos resina, dije, dijes artesanales, dijes de metal, dijes para collares, dijes para emprender, dijes para resina, dijes resina epoxi, envio argentina, marcos, mini charms kawaii, molde dijes, rellenos resina";"Pack 10 Dijes para Rellenar con Resina | Advance Coat";"? Pack 10 Dijes para Rellenar con Resina decoración premium para fundas, llaveros y dijes. Envío gratis +$100K. 12 cuotas. ¡Diferenciate del mercado!";"Advance Coat";SI;;;;
dijes-para-rellenar-resina-pack-10u-de-un-mismo-modelo;;;"ELECCIÓN DE DIJES";"10 GOTAS";;;;;10,000.00;;0.08;1.00;2.00;1.00;0;;;;;;;;;;;;;;
dijes-para-rellenar-resina-pack-10u-de-un-mismo-modelo;;;"ELECCIÓN DE DIJES";"10 CÍRCULOS";;;;;10,000.00;;0.08;1.00;2.00;1.00;0;;;;;;;;;;;;;;
dijes-para-rellenar-resina-pack-10u-de-un-mismo-modelo;;;"ELECCIÓN DE DIJES";"10 SURTIDOS";;;;;10,000.00;;0.08;1.00;2.00;1.00;0;;;;;;;;;;;;;;
dijes-para-rellenar-resina-pack-10u-de-un-mismo-modelo;;;"ELECCIÓN DE DIJES";"10 OVALOS";;;;;10,000.00;;0.08;1.00;2.00;1.00;0;;;;;;;;;;;;;;
dijes-para-rellenar-con-resina-epoxi-importados-pack-10u;"Pack 10 Dijes Importados - Diseños Únicos Para Rellenar";"Extras Para Resina";"ELECCIÓN DE DIJES";SURTIDO;;;;;5,500.00;;0.08;1.00;2.00;1.00;0;;;NO;NO;;"accesorios, adornos fundas, argentina, bases para dijes, bicel, biceles, buenos aires, charms decorativos, charms kawaii, charms manualidades, charms para fundas, charms resina, comprar charms argentina, comprar online argentina, decoracion para llaveros, decorativos resina, dije, dijes artesanales, dijes de metal, dijes para collares, dijes para emprender, dijes para resina, dijes resina epoxi, envio argentina, marcos, mini charms kawaii, molde dijes, rellenos resina";"Pack 10 Dijes Importados | Advance Coat";"? Pack 10 Dijes Importados decoración premium para fundas, llaveros y dijes. Envío gratis +$100K. 12 cuotas. ¡Diferenciate del mercado!";"Advance Coat";SI;;;;
dijes-para-rellenar-con-resina-epoxi-importados-pack-10u;;;"ELECCIÓN DE DIJES";"5 GOTAS Y 5 CIRCULOS";;;;;5,500.00;;0.08;1.00;2.00;1.00;0;;;;;;;;;;;;;;
dijes-para-rellenar-con-resina-epoxi-importados-pack-10u;;;"ELECCIÓN DE DIJES";"5 RECTANGULOS Y 5 GOTAS";;;;;5,500.00;;0.08;1.00;2.00;1.00;0;;;;;;;;;;;;;;
dijes-para-rellenar-con-resina-epoxi-importados-pack-10u;;;"ELECCIÓN DE DIJES";"5 RECTANGULOS Y 5 OVALOS";;;;;5,500.00;;0.08;1.00;2.00;1.00;0;;;;;;;;;;;;;;
dijes-para-rellenar-con-resina-epoxi-importados-pack-10u;;;"ELECCIÓN DE DIJES";"5 RECTANGULOS Y 5 CIRCULOS";;;;;5,500.00;;0.08;1.00;2.00;1.00;0;;;;;;;;;;;;;;
dijes-para-rellenar-con-resina-epoxi-importados-pack-10u;;;"ELECCIÓN DE DIJES";"5 GOTAS Y 5 OVALOS";;;;;5,500.00;;0.08;1.00;2.00;1.00;0;;;;;;;;;;;;;;
resina-epoxi-tanques-nafta-moto-metal-x-588-gr;"Resina Epoxi para Tanques de Nafta - Sellado Profesional";"Resina Para Tanques De Nafta";;;;;;;65,000.00;50,000.00;0.85;5.00;8.00;10.00;96;"Resina Tanques Nafta X 588 Gr";;SI;NO;;"argentina, buenos aires, comprar online argentina, comprar resina online, donde comprar resina, e415, envio argentina, reparacion tanque moto, resina advance coat, resina alta calidad, resina argentina, resina argentina envio, resina cristal, resina epoxi, resina epoxi cristal, resina manualidades argentina, resina para dijes, resina para emprender, resina para hacer accesorios, resina para llaveros, resina para moto, resina profesional, resina sin burbujas, resina tanque nafta, resina transparente, sellador tanque, tanque nafta";"Resina Epoxi para Tanques de Nafta | Advance Coat";"? Resina Epoxi para Tanques de Nafta cristal sin burbujas. La elegida por +5000 emprendedoras. Envío gratis +$100K. 12 cuotas sin interés. ¡Comprá ahora!";"Advance Coat";SI;;;;
adhesivo-epoxi-nautico-multiuso-resina-laminado-140cc1;"Adhesivo Epoxi Náutico Multiuso - Excelente Multiuso";;Color;Ambar;;;;;10,000.00;;0.22;5.00;5.00;5.00;0;;;NO;NO;;"adhesivo, adhesivo epoxi, adhesivo nautico, adhesivo para madera, adhesivo profesional, argentina, barcos resina, buenos aires, comprar online argentina, comprar resina online, donde comprar resina, envio argentina, kelcot, m17, pegamento epoxi, resina advance coat, resina alta calidad, resina argentina, resina argentina envio, resina cristal, resina epoxi, resina epoxi cristal, resina manualidades argentina, resina nautica, resina para dijes, resina para emprender, resina para hacer accesorios, resina para llaveros, resina profesional, resina sin burbujas, resina transparente";"Adhesivo Epoxi Náutico Multiuso | Calidad Pro | Advance Coat";"? Adhesivo Epoxi Náutico Multiuso cristal sin burbujas. La elegida por +5000 emprendedoras. Envío gratis +$100K. 12 cuotas sin interés. ¡Comprá ahora!";"Advance Coat";SI;;;;
adhesivo-epoxi-nautico-multiuso-resina-laminado-1-2lt1;"Adhesivo Epoxi Náutico Multiuso - Excelente Multiuso";;Color;Ambar;;;;;35,000.00;;0.85;10.00;5.00;10.00;15;;;SI;NO;;"adhesivo, adhesivo epoxi, adhesivo nautico, adhesivo para madera, adhesivo profesional, argentina, barcos resina, buenos aires, comprar online argentina, comprar resina online, donde comprar resina, envio argentina, m17, pegamento epoxi, resina advance coat, resina alta calidad, resina argentina, resina argentina envio, resina cristal, resina epoxi, resina epoxi cristal, resina manualidades argentina, resina nautica, resina para dijes, resina para emprender, resina para hacer accesorios, resina para llaveros, resina profesional, resina sin burbujas, resina transparente";"Adhesivo Epoxi Náutico Multiuso | Calidad Pro | Advance Coat";"? Adhesivo Epoxi Náutico Multiuso cristal sin burbujas. La elegida por +5000 emprendedoras. Envío gratis +$100K. 12 cuotas sin interés. ¡Comprá ahora!";"Advance Coat";SI;;;;
adhesivo-epoxi-tachas-mesadas-marmoles-pisos-180-gramos;"Adhesivo Epoxi Profesional 180g - Mármoles, Mesadas y Pisos";;Color;Gris;;;;;5,500.00;;0.25;4.00;3.00;5.00;0;;;NO;NO;;"adhesivo epoxi, adhesivo marmol, adhesivo profesional, adhesivo tachas, argentina, buenos aires, comprar online argentina, comprar resina online, donde comprar resina, e606, envio argentina, pegamento epoxi, pegamento marmol, pegamento tachas, resina advance coat, resina alta calidad, resina argentina, resina argentina envio, resina cristal, resina epoxi, resina epoxi cristal, resina manualidades argentina, resina para dijes, resina para emprender, resina para hacer accesorios, resina para llaveros, resina profesional, resina sin burbujas, resina transparente";"Adhesivo Epoxi Profesional 180g | Calidad Pro | Advance Coat";"? Adhesivo Epoxi Profesional 180g cristal sin burbujas. La elegida por +5000 emprendedoras. Envío gratis +$100K. 12 cuotas sin interés. ¡Comprá ahora!";"Advance Coat";SI;;;;
adhesivo-pegamento-epoxi-tachas-mesadas-marmoles-pisos-15kg;"Pegamento B7000 - Adhesivo Profesional Para Bijouterie";;;;;;;;65,000.00;;1.70;5.00;10.00;10.00;8;;;SI;NO;;"accesorios para emprender, accesorios resina, adhesivo epoxi, adhesivo marmol, adhesivo para tachas, adhesivo profesional, advance coat, argentina, buenos aires, comprar online argentina, e606, envio argentina, herramientas profesionales, herramientas resina epoxi, insumos manualidades, pegamento epoxi, pegamento marmol, pegamento tachas, utiles resina";"Pegamento B7000 | Advance Coat";;"Advance Coat";SI;;;;
resina-epoxi-cristal-para-impresiones-3d-750-gramos;"Resina Epoxi para Impresiones 3D 750g - Acabado Cristal";"Resinas Para Impresiones 3D";;;;;;;50,000.00;;0.99;4.00;3.00;5.00;54;"Resina Epoxi 3D 750 Gramos";;SI;NO;;"acabado impresion 3d, argentina, buenos aires, comprar online argentina, comprar resina online, donde comprar resina, envio argentina, recubrimiento 3d, resina 3d, resina advance coat, resina alta calidad, resina argentina, resina argentina envio, resina cristal, resina epoxi, resina epoxi 3d, resina epoxi cristal, resina manualidades argentina, resina para cubrir impresiones, resina para dijes, resina para emprender, resina para hacer accesorios, resina para impresiones, resina para llaveros, resina profesional, resina sin burbujas, resina transparente";"Resina Epoxi para Impresiones 3D 750g | Advance Coat";"? Resina Epoxi para Impresiones 3D 750g cristal sin burbujas. La elegida por +5000 emprendedoras. Envío gratis +$100K. 12 cuotas sin interés. ¡Comprá ahora!";"Advance Coat";SI;;;;
resina-epoxi-cristal-glass-750gr;"Resina Epoxi Cristal 750g - Ideal Para Vender y Emprender";"Resinas Epoxi > Resina Epoxi Cristal, Arma Tu Propia Funda  > Resinas Epoxi Para Fundas";;;;;;;45,000.00;;0.98;5.00;5.00;8.00;822;"Resina 750 Gramos";;SI;NO;;"750, 750 gr, 750 gramos, advance coat, argentina, buenos aires, comprar online argentina, comprar resina online, donde comprar resina, envio argentina, kit resina epoxi 750 gramos, kit resina epoxi advance coat, resina advance coat, resina alta calidad, resina argentina, resina argentina envio, resina cristal, resina epoxi, resina epoxi 750 gramos, resina epoxi cristal, resina epoxica advance coat 750 gramos, resina manualidades argentina, resina para accesorios, resina para anillos, resina para dijes, resina para emprender, resina para hacer accesorios, resina para llaveros, resina para mesas, resina profesional, resina sin burbujas, resina transparente";"Resina Epoxi Cristal 750g | Calidad Pro | Advance Coat";"? Resina Epoxi Cristal 750g cristal sin burbujas. La elegida por +5000 emprendedoras. Envío gratis +$100K. 12 cuotas sin interés. ¡Comprá ahora!";"Advance Coat";SI;;;;
resina-epoxi-cristal-para-impresiones-3d-300-gramos;"Resina Epoxi para Impresiones 3D 300g - Acabado Cristal";"Resinas Para Impresiones 3D";;;;;;;25,000.00;;0.45;3.00;5.00;5.00;75;"Resina 3D 300 Gramos";;SI;NO;;"acabado impresion 3d, argentina, buenos aires, comprar online argentina, comprar resina online, donde comprar resina, envio argentina, recubrimiento 3d, resina 3d, resina advance coat, resina alta calidad, resina argentina, resina argentina envio, resina cristal, resina epoxi, resina epoxi cristal, resina epoxi para cubrir piezas, resina manualidades argentina, resina para dijes, resina para emprender, resina para hacer accesorios, resina para impresiones 3d, resina para llaveros, resina profesional, resina sin burbujas, resina transparente";"Resina Epoxi para Impresiones 3D 300g | Advance Coat";"? Resina Epoxi para Impresiones 3D 300g cristal sin burbujas. La elegida por +5000 emprendedoras. Envío gratis +$100K. 12 cuotas sin interés. ¡Comprá ahora!";"Advance Coat";SI;;;;
resina-epoxi-cristal-para-impresiones-3d-150-gramos;"Resina Epoxi para Impresiones 3D 150g - Acabado Cristal";"Resinas Para Impresiones 3D";;;;;;;14,000.00;;0.22;5.00;3.00;3.00;74;"150 gr 3D";;SI;NO;;"acabado impresion 3d, argentina, buenos aires, comprar online argentina, comprar resina online, donde comprar resina, envio argentina, recubrimiento 3d, resina 3d, resina advance coat, resina alta calidad, resina argentina, resina argentina envio, resina cristal, resina epoxi, resina epoxi cristal, resina epoxi para cubrir piezas, resina manualidades argentina, resina para dijes, resina para emprender, resina para hacer accesorios, resina para impresiones 3d, resina para llaveros, resina profesional, resina sin burbujas, resina transparente";"Resina Epoxi para Impresiones 3D 150g | Advance Coat";"? Resina Epoxi para Impresiones 3D 150g cristal sin burbujas. La elegida por +5000 emprendedoras. Envío gratis +$100K. 12 cuotas sin interés. ¡Comprá ahora!";"Advance Coat";SI;;;;
kit-inicial-150g-10-dijes;"Combo Dijes y Colgantes - Crea Joyería Artesanal Única";Combos;"ELECCIÓN DE DIJES";"5 GOTAS Y 5 RECTANGULOS";;;;;15,500.00;14,500.00;0.30;3.00;5.00;5.00;0;;;NO;NO;;"argentina, bicel, biceles, buenos aires, combo advance coat, combo basico, combo emprendedor, combo resina, combo todo incluido, comprar combo resina argentina, comprar online argentina, dije, dijes artesanales, dijes para collares, dijes para emprender, dijes resina epoxi, envio argentina, inicial, kit completo, kit completo principiantes, kit emprendimiento, kit hobbistas, kit manualidades, kit para empezar, kit para regalar, kit principiantes, kit resina, kit resina epoxi, marcos, molde dijes, promocion, resina epoxi, resina para accesorios, resina para anillos, set resina epoxi";"Combo Dijes y Colgantes | Advance Coat";;"Advance Coat";SI;;;;
kit-inicial-150g-10-dijes;;;"ELECCIÓN DE DIJES";"5 GOTAS Y 5 CIRCULOS";;;;;15,500.00;14,500.00;0.30;3.00;5.00;5.00;0;;;;;;;;;;;;;;
kit-inicial-150g-10-dijes;;;"ELECCIÓN DE DIJES";"5 OVALOS Y 5 RECTANGULOS";;;;;15,500.00;14,500.00;0.30;3.00;5.00;5.00;0;;;;;;;;;;;;;;
kit-inicial-150g-10-dijes;;;"ELECCIÓN DE DIJES";SURTIDO;;;;;15,500.00;14,500.00;0.30;3.00;5.00;5.00;10;;;;;;;;;;;;;;
resina-epoxi-cristal-auto-nivelante-30-kg;"Resina Epoxi Auto Nivelante 30kg - Mesas, Pisos y Recubrimientos";"Resinas Epoxi";;;;;;;0.00;;30.00;30.00;20.00;20.00;0;"Resina 30 kg";;NO;NO;;"30kg, advance coat, argentina, buenos aires, comprar online argentina, comprar resina online, donde comprar resina, envio argentina, kit resina epoxi 30 kg, para mesas, para pisos, resina advance coat, resina alta calidad, resina argentina, resina argentina envio, resina cristal, resina epoxi, resina epoxi 30 kg, resina epoxi advance coat, resina epoxi cristal, resina epoxica 30kg, resina manualidades argentina, resina para accesorios, resina para anillos, resina para dijes, resina para emprender, resina para hacer accesorios, resina para llaveros, resina para mesas, resina profesional, resina sin burbujas, resina transparente";"Resina Epoxi Auto Nivelante 30kg | Advance Coat";"? Resina Epoxi Auto Nivelante 30kg cristal sin burbujas. La elegida por +5000 emprendedoras. Envío gratis +$100K. 12 cuotas sin interés. ¡Comprá ahora!";"Advance Coat";SI;;;;
resina-epoxi-cristal-glass-150gr;"Resina Epoxi Cristal 150g - Ideal Para Empezar Tu Proyecto";"Resinas Epoxi > Resina Epoxi Cristal, Arma Tu Propia Funda  > Resinas Epoxi Para Fundas";;;;;;;12,500.00;12,000.00;0.22;3.00;5.00;5.00;924;"Resina 150 gramos";;SI;NO;;"150, 150 gramos, advance coat, argentina, buenos aires, comprar online argentina, comprar resina online, donde comprar resina, envio argentina, kit incial, kit resina epoxi 150 gramos, principiante, resina advance coat, resina alta calidad, resina argentina, resina argentina envio, resina cristal, resina epoxi, resina epoxi 150 gramos, resina epoxi cristal, resina epoxica 150 gramos, resina manualidades argentina, resina para accesorios, resina para anillos, resina para dijes, resina para emprender, resina para hacer accesorios, resina para llaveros, resina para mesas, resina profesional, resina sin burbujas, resina transparente";"Resina Epoxi Cristal 150g | Calidad Pro | Advance Coat";"? Resina Epoxi Cristal 150g cristal sin burbujas. La elegida por +5000 emprendedoras. Envío gratis +$100K. 12 cuotas sin interés. ¡Comprá ahora!";"Advance Coat";SI;;;;
resina-epoxi-para-fundas-300g;"Resina Epoxi para Fundas - Acabado Cristal Sin Burbujas";"Resinas Epoxi > Resina Epoxi Cristal, Arma Tu Propia Funda  > Resinas Epoxi Para Fundas";;;;;;;22,500.00;22,000.00;0.40;5.00;5.00;5.00;98;ResFunda300g;;SI;NO;;"300, 300 gr, argentina, buenos aires, comprar online argentina, comprar resina online, donde comprar resina, envio argentina, funda iphone, fundas celular, fundas con resina, fundas personalizadas, resina advance coat, resina alta calidad, resina argentina, resina argentina envio, resina cristal, resina de 300 gramos, resina epoxi, resina epoxi cristal, resina manualidades argentina, resina para accesorios, resina para dijes, resina para emprender, resina para fundas, resina para hacer accesorios, resina para llaveros, resina profesional, resina sin burbujas, resina transparente";"Resina Epoxi para Fundas | Calidad Pro | Advance Coat";"? Resina Epoxi para Fundas cristal sin burbujas. La elegida por +5000 emprendedoras. Envío gratis +$100K. 12 cuotas sin interés. ¡Comprá ahora!";"Advance Coat";SI;;;;
concentrado-color-resina-translucido-30cc;"Concentrado Color Resina Translúcido 30cc";Pigmentos;Color;Azul;;;;;6,000.00;;0.10;2.00;2.00;2.00;83;;;SI;NO;;"argentina, buenos aires, color para llaveros, color resina epoxi, colorante resina, colorantes para resinas, comprar online argentina, comprar pigmentos argentina, concentrado color resina, concentrado de color, envio argentina, pigmento alta concentracion, pigmento metalizado, pigmento opaco, pigmento para resinas, pigmento resina, pigmento traslucido, tinta alcohol resina, tinta resina epoxi";"Concentrado Color Resina Translúcido 30cc | Advance Coat";;"Advance Coat";SI;;;;
concentrado-color-resina-translucido-30cc;;;Color;Blanco;;;;;6,000.00;;0.10;2.00;2.00;2.00;81;;;;;;;;;;;;;;
concentrado-color-resina-translucido-30cc;;;Color;Negro;;;;;6,000.00;;0.10;2.00;2.00;2.00;92;;;;;;;;;;;;;;
concentrado-color-resina-translucido-30cc;;;Color;Rojo;;;;;6,000.00;;0.10;2.00;2.00;2.00;88;;;;;;;;;;;;;;
concentrado-color-resina-translucido-30cc;;;Color;Fucsia;;;;;6,000.00;;0.10;2.00;2.00;2.00;93;;;;;;;;;;;;;;
concentrado-color-resina-translucido-30cc;;;Color;Amarillo;;;;;6,000.00;;0.10;2.00;2.00;2.00;90;;;;;;;;;;;;;;
concentrado-color-resina-translucido-30cc;;;Color;Naranja;;;;;6,000.00;;0.10;2.00;2.00;2.00;96;;;;;;;;;;;;;;
concentrado-color-resina-translucido-30cc;;;Color;Verde;;;;;6,000.00;;0.10;2.00;2.00;2.00;93;;;;;;;;;;;;;;
pigmento-concentrado-para-resina-epoxi-pleno-60cc-premium;"Pigmento Pleno Premium Para Resina - Color Concentrado";Pigmentos;Color;Amarillo;;;;;7,000.00;;0.09;2.00;2.00;2.00;79;"amarillo 013";;SI;NO;;"argentina, bel, buenos aires, color en pasta, color para llaveros, color pastoso, color pleno, color resina epoxi, colorante resina, colorantes para resinas, comprar online argentina, comprar pigmentos argentina, concentrado color resina, concentrado en pasta, concentrado para resina, concentrado pleno, envio argentina, pasta, pastoso, pastozo, pigmento alta concentracion, pigmento metalizado, pigmento opaco, pigmento resina, pigmento traslucido, pigmentos para resinas, pleno, tinta alcohol resina, tinta resina epoxi";"Pigmento Pleno Premium Para Resina | Advance Coat";;"Advance Coat";SI;;;;
pigmento-concentrado-para-resina-epoxi-pleno-60cc-premium;;;Color;Negro;;;;;7,000.00;;0.09;2.00;2.00;2.00;69;"negro 073";;;;;;;;;;;;;
pigmento-concentrado-para-resina-epoxi-pleno-60cc-premium;;;Color;Azul;;;;;7,000.00;;0.09;2.00;2.00;2.00;83;"azul pleno";;;;;;;;;;;;;
pigmento-concentrado-para-resina-epoxi-pleno-60cc-premium;;;Color;Verde;;;;;7,000.00;;0.09;2.00;2.00;2.00;89;"verde pleno";;;;;;;;;;;;;
pigmento-concentrado-para-resina-epoxi-pleno-60cc-premium;;;Color;Rojo;;;;;7,000.00;;0.09;2.00;2.00;2.00;81;"rojo 080/75";;;;;;;;;;;;;
pigmento-concentrado-para-resina-epoxi-pleno-60cc-premium;;;Color;Blanco;;;;;7,000.00;;0.09;2.00;2.00;2.00;90;"blanco 025";;;;;;;;;;;;;
resina-epoxi-cristal-auto-nivelante-15-kg1;"Resina Epoxi Auto Nivelante 15kg - Mesas, Pisos y Recubrimientos";"Resinas Epoxi";;;;;;;850,000.00;800,000.00;15.00;30.00;20.00;20.00;0;"Resina 15 kg";;NO;SI;;"15kg, advance coat, argentina, buenos aires, comprar online argentina, comprar resina online, donde comprar resina, envio argentina, kit resina epoxi 15kg, kit resina epoxi para mesas, resina advance coat, resina alta calidad, resina argentina, resina argentina envio, resina cristal, resina epoxi, resina epoxi 15kg, resina epoxi cristal, resina epoxica 15kg, resina manualidades argentina, resina para accesorios, resina para anillos, resina para dijes, resina para emprender, resina para hacer accesorios, resina para llaveros, resina para mesas, resina profesional, resina sin burbujas, resina transparente";"Resina Epoxi Auto Nivelante 15kg | Advance Coat";"? Resina Epoxi Auto Nivelante 15kg cristal sin burbujas. La elegida por +5000 emprendedoras. Envío gratis +$100K. 12 cuotas sin interés. ¡Comprá ahora!";"Advance Coat";SI;;;;
resina-epoxi-cristal-glass-6kg;"Resina Epoxi Cristal 6kg - Mayorista para Producción Industrial";"Resinas Epoxi > Resina Epoxi Cristal";;;;;;;335,000.00;320,000.00;6.20;30.00;20.00;20.00;5;"Resina 6 kg";;SI;SI;;"advance coat, argentina, buenos aires, comprar online argentina, comprar resina online, donde comprar resina, envio argentina, kit resina 6kg, kit resina epoxi 6kg, resina advance coat, resina alta calidad, resina argentina, resina argentina envio, resina cristal, resina epoxi, resina epoxi 6kg, resina epoxi cristal, resina epoxica 6kg, resina manualidades argentina, resina para accesorios, resina para anillos, resina para dijes, resina para emprender, resina para fundas, resina para hacer accesorios, resina para llaveros, resina para mesas, resina profesional, resina sin burbujas, resina transparente";"Resina Epoxi Cristal 6kg | Calidad Pro | Advance Coat";;"Advance Coat";SI;;;;
resina-epoxi-cristal-glass-3kg;"Resina Epoxi Cristal 3kg - Presentación Mayorista";"Resinas Epoxi > Resina Epoxi Cristal, Combos Cursos Online";;;;;;;170,000.00;165,000.00;3.40;5.00;5.00;10.00;878;"Resina 3 kg";;SI;SI;;"3kg, advance coat, argentina, buenos aires, comprar online argentina, comprar resina online, donde comprar resina, envio argentina, kit resina epoxi 3kg, resina advance coat, resina alta calidad, resina argentina, resina argentina envio, resina cristal, resina epoxi, resina epoxi 3kg, resina epoxi cristal, resina epoxica 3kg, resina manualidades argentina, resina para accesorios, resina para anillos, resina para dijes, resina para emprender, resina para fundas, resina para hacer accesorios, resina para llaveros, resina para mesas, resina profesional, resina sin burbujas, resina transparente, resinas";"Resina Epoxi Cristal 3kg | Calidad Pro | Advance Coat";"? Resina Epoxi Cristal 3kg sin burbujas. Presentación mayorista para emprendedoras serias. Mejor precio por gramo del mercado.";"Advance Coat";SI;;;;
resina-epoxi-cristal-glass-15kg;"Resina Epoxi Cristal 1,5kg - Stock para Producción Continua";"Resinas Epoxi > Resina Epoxi Cristal, Combos Cursos Online";;;;;;;85,000.00;;1.70;5.00;5.00;5.00;853;"Resina 1,5 kg";;SI;NO;;"1.5, 1.5kg, argentina, buenos aires, comprar online argentina, comprar resina online, donde comprar resina, envio argentina, kit resina 1.5kg, resina advance coat, resina alta calidad, resina argentina, resina argentina envio, resina cristal, resina de 1.5kg, resina epoxi, resina epoxi cristal, resina epoxica 1.5kg, resina manualidades argentina, resina para accesorios, resina para anillos, resina para dijes, resina para emprender, resina para fundas, resina para hacer accesorios, resina para llaveros, resina para mesas, resina profesional, resina sin burbujas, resina transparente";"Resina Epoxi Cristal 1,5kg | Stock Producción | Advance Coat";"Resina Epoxi Cristal 1,5kg sin burbujas. La elegida por +5000 emprendedoras. Mejor precio por gramo. ¡Comprá ahora!";"Advance Coat";SI;;;;
resina-epoxi-cristal-glass-300gr;"Resina Epoxi Cristal 300g - Llaveros, Dijes y Aros";"Resinas Epoxi > Resina Epoxi Cristal";;;;;;;22,500.00;22,000.00;0.45;3.00;4.00;4.00;889;"Resina 300 gramos";;SI;NO;;"300, 300 gr, 300g, advance coat, argentina, buenos aires, comprar online argentina, comprar resina online, donde comprar resina, envio argentina, resina advance coat, resina alta calidad, resina argentina, resina argentina envio, resina cristal, resina de 300 gramos, resina epoxi, resina epoxi cristal, resina manualidades argentina, resina para accesorios, resina para anillos, resina para dijes, resina para emprender, resina para hacer accesorios, resina para llaveros, resina para mesas, resina profesional, resina sin burbujas, resina transparente";"Resina Epoxi Cristal 300g | Calidad Pro | Advance Coat";"Resina Epoxi Cristal 300g cristal sin burbujas. La elegida por +5000 emprendedoras. ¡Comprá ahora!";"Advance Coat";SI;;;;
